item_id,requirement_id,kind,name,fault_type,covered_obligations,missing_obligations,missing_obligation_names,coverage_rate,missing_high_severity_count,total,agreements,disagreements,agreement_rate,under_constrained_count,over_constrained_count,high_severity_under_constrained_count,first_counterexample,behavior_time,time_to_first_counterexample,checked_count,violation_count,violation_rate,first_violation,relation_breakdown,has_smt_counterexample,smt_counterexample,smt_time,metamorphic_consistency,high_severity_under_safe,smt_consistency,score,risk_level
R10-C3,R10,candidate,over-permissive Boolean connective,wrong_boolean_connective,[],"['R10-O1', 'R10-O2', 'R10-O3', 'R10-O4', 'R10-O5']","['low risk exception', 'clearance at least risk', 'training completed', 'approval valid', 'access logged']",0.0,2,2000,847,1153,0.4235,1134,19,799,"{'user': {'role': 'trainee', 'clearance': 0, 'training_completed': False, 'approval_active': True, 'approval_expired': True, 'supervised_by_pi': True}, 'record': {'risk_level': 0, 'anonymized': True, 'sensitive': False}, 'context': {'emergency': True, 'logged': False}}",0.016325400007190183,2.7000001864507794e-05,2539,0,0.0,,"{'clearance_monotonicity': {'checked': 819, 'violations': 0}, 'risk_monotonicity': {'checked': 836, 'violations': 0}, 'expiration_safety': {'checked': 511, 'violations': 0}, 'external_anonymization_relaxation': {'checked': 120, 'violations': 0}, 'emergency_logging_safety': {'checked': 253, 'violations': 0}}",True,"{'user': {'role': 'PI', 'clearance': 2, 'training_completed': True, 'approval_active': True, 'approval_expired': False, 'supervised_by_pi': False}, 'record': {'risk_level': 2, 'anonymized': False, 'sensitive': True}, 'context': {'emergency': False, 'logged': True}}",0.002156899994588457,1.0,0.0,0.0,30.5875,high
R10-M3,R10,mutant,replace_and_with_or,replace_and_with_or,[],"['R10-O1', 'R10-O2', 'R10-O3', 'R10-O4', 'R10-O5']","['low risk exception', 'clearance at least risk', 'training completed', 'approval valid', 'access logged']",0.0,2,2000,847,1153,0.4235,1134,19,799,"{'user': {'role': 'trainee', 'clearance': 0, 'training_completed': False, 'approval_active': True, 'approval_expired': True, 'supervised_by_pi': True}, 'record': {'risk_level': 0, 'anonymized': True, 'sensitive': False}, 'context': {'emergency': True, 'logged': False}}",0.01625889999559149,2.680000034160912e-05,2539,0,0.0,,"{'clearance_monotonicity': {'checked': 819, 'violations': 0}, 'risk_monotonicity': {'checked': 836, 'violations': 0}, 'expiration_safety': {'checked': 511, 'violations': 0}, 'external_anonymization_relaxation': {'checked': 120, 'violations': 0}, 'emergency_logging_safety': {'checked': 253, 'violations': 0}}",True,"{'user': {'role': 'PI', 'clearance': 2, 'training_completed': True, 'approval_active': True, 'approval_expired': False, 'supervised_by_pi': False}, 'record': {'risk_level': 2, 'anonymized': False, 'sensitive': True}, 'context': {'emergency': False, 'logged': True}}",0.0020472999894991517,1.0,0.0,0.0,30.5875,high
R07-M3,R07,mutant,replace_and_with_or,replace_and_with_or,"['R07-O1', 'R07-O2', 'R07-O3', 'R07-O4', 'R07-O5']",[],[],1.0,0,2000,74,1926,0.037,1926,0,1661,"{'user': {'role': 'PI', 'clearance': 2, 'training_completed': True, 'approval_active': False, 'approval_expired': False, 'supervised_by_pi': False}, 'record': {'risk_level': 0, 'anonymized': False, 'sensitive': True}, 'context': {'emergency': True, 'logged': False}}",0.014120000007096678,2.0699997548945248e-05,2535,17,0.0067061143984220905,"{'relation': 'risk_monotonicity', 'base_input': {'user': {'role': 'trainee', 'clearance': 0, 'training_completed': False, 'approval_active': False, 'approval_expired': False, 'supervised_by_pi': False}, 'record': {'risk_level': 3, 'anonymized': True, 'sensitive': False}, 'context': {'emergency': False, 'logged': False}}, 'follow_up_input': {'user': {'role': 'trainee', 'clearance': 0, 'training_completed': False, 'approval_active': False, 'approval_expired': False, 'supervised_by_pi': False}, 'record': {'risk_level': 4, 'anonymized': True, 'sensitive': False}, 'context': {'emergency': False, 'logged': False}}, 'base_output': False, 'follow_up_output': True}","{'clearance_monotonicity': {'checked': 834, 'violations': 0}, 'risk_monotonicity': {'checked': 842, 'violations': 17}, 'expiration_safety': {'checked': 472, 'violations': 0}, 'external_anonymization_relaxation': {'checked': 136, 'violations': 0}, 'emergency_logging_safety': {'checked': 251, 'violations': 0}}",True,"{'user': {'role': 'researcher', 'clearance': 0, 'training_completed': False, 'approval_active': False, 'approval_expired': False, 'supervised_by_pi': False}, 'record': {'risk_level': 0, 'anonymized': False, 'sensitive': False}, 'context': {'emergency': False, 'logged': True}}",0.002005799993639812,0.9932938856015779,0.0,0.0,45.79087771203156,high
R08-M3,R08,mutant,replace_and_with_or,replace_and_with_or,"['R08-O1', 'R08-O2', 'R08-O3', 'R08-O4', 'R08-O5']",[],[],1.0,0,2000,102,1898,0.051,1898,0,1411,"{'user': {'role': 'PI', 'clearance': 0, 'training_completed': True, 'approval_active': False, 'approval_expired': False, 'supervised_by_pi': True}, 'record': {'risk_level': 3, 'anonymized': False, 'sensitive': False}, 'context': {'emergency': False, 'logged': False}}",0.01358720001007896,2.2100008209235966e-05,2560,0,0.0,,"{'clearance_monotonicity': {'checked': 855, 'violations': 0}, 'risk_monotonicity': {'checked': 831, 'violations': 0}, 'expiration_safety': {'checked': 490, 'violations': 0}, 'external_anonymization_relaxation': {'checked': 119, 'violations': 0}, 'emergency_logging_safety': {'checked': 265, 'violations': 0}}",True,"{'user': {'role': 'PI', 'clearance': 0, 'training_completed': False, 'approval_active': False, 'approval_expired': False, 'supervised_by_pi': True}, 'record': {'risk_level': 1, 'anonymized': False, 'sensitive': False}, 'context': {'emergency': False, 'logged': False}}",0.0020425999973667786,1.0,0.0,0.0,46.275,high
R05-C3,R05,candidate,over-permissive Boolean connective,wrong_boolean_connective,"['R05-O1', 'R05-O2', 'R05-O3', 'R05-O4', 'R05-O5']",[],[],1.0,0,2000,133,1867,0.0665,1867,0,1396,"{'user': {'role': 'researcher', 'clearance': 4, 'training_completed': True, 'approval_active': True, 'approval_expired': False, 'supervised_by_pi': False}, 'record': {'risk_level': 4, 'anonymized': False, 'sensitive': True}, 'context': {'emergency': False, 'logged': True}}",0.013117700000293553,2.2499996703118086e-05,2497,0,0.0,,"{'clearance_monotonicity': {'checked': 824, 'violations': 0}, 'risk_monotonicity': {'checked': 814, 'violations': 0}, 'expiration_safety': {'checked': 481, 'violations': 0}, 'external_anonymization_relaxation': {'checked': 129, 'violations': 0}, 'emergency_logging_safety': {'checked': 249, 'violations': 0}}",True,"{'user': {'role': 'PI', 'clearance': 0, 'training_completed': False, 'approval_active': False, 'approval_expired': False, 'supervised_by_pi': False}, 'record': {'risk_level': 0, 'anonymized': False, 'sensitive': False}, 'context': {'emergency': False, 'logged': False}}",0.0020182000007480383,1.0,0.0,0.0,46.6625,high
R05-M3,R05,mutant,replace_and_with_or,replace_and_with_or,"['R05-O1', 'R05-O2', 'R05-O3', 'R05-O4', 'R05-O5']",[],[],1.0,0,2000,133,1867,0.0665,1867,0,1396,"{'user': {'role': 'researcher', 'clearance': 4, 'training_completed': True, 'approval_active': True, 'approval_expired': False, 'supervised_by_pi': False}, 'record': {'risk_level': 4, 'anonymized': False, 'sensitive': True}, 'context': {'emergency': False, 'logged': True}}",0.012963600005605258,2.300000051036477e-05,2497,0,0.0,,"{'clearance_monotonicity': {'checked': 824, 'violations': 0}, 'risk_monotonicity': {'checked': 814, 'violations': 0}, 'expiration_safety': {'checked': 481, 'violations': 0}, 'external_anonymization_relaxation': {'checked': 129, 'violations': 0}, 'emergency_logging_safety': {'checked': 249, 'violations': 0}}",True,"{'user': {'role': 'PI', 'clearance': 0, 'training_completed': False, 'approval_active': False, 'approval_expired': False, 'supervised_by_pi': False}, 'record': {'risk_level': 0, 'anonymized': False, 'sensitive': False}, 'context': {'emergency': False, 'logged': False}}",0.0020007999992230907,1.0,0.0,0.0,46.6625,high
R09-C3,R09,candidate,over-permissive Boolean connective,wrong_boolean_connective,"['R09-O1', 'R09-O2', 'R09-O3', 'R09-O4', 'R09-O5']",[],[],1.0,0,2000,135,1865,0.0675,1865,0,1380,"{'user': {'role': 'PI', 'clearance': 1, 'training_completed': True, 'approval_active': True, 'approval_expired': False, 'supervised_by_pi': True}, 'record': {'risk_level': 2, 'anonymized': True, 'sensitive': True}, 'context': {'emergency': True, 'logged': True}}",0.018075100000714883,2.2400010493583977e-05,2579,0,0.0,,"{'clearance_monotonicity': {'checked': 822, 'violations': 0}, 'risk_monotonicity': {'checked': 841, 'violations': 0}, 'expiration_safety': {'checked': 531, 'violations': 0}, 'external_anonymization_relaxation': {'checked': 131, 'violations': 0}, 'emergency_logging_safety': {'checked': 254, 'violations': 0}}",True,"{'user': {'role': 'PI', 'clearance': 0, 'training_completed': False, 'approval_active': False, 'approval_expired': False, 'supervised_by_pi': False}, 'record': {'risk_level': 1, 'anonymized': False, 'sensitive': False}, 'context': {'emergency': False, 'logged': False}}",0.0024637999886181206,1.0,0.0,0.0,46.6875,high
R09-M3,R09,mutant,replace_and_with_or,replace_and_with_or,"['R09-O1', 'R09-O2', 'R09-O3', 'R09-O4', 'R09-O5']",[],[],1.0,0,2000,135,1865,0.0675,1865,0,1380,"{'user': {'role': 'PI', 'clearance': 1, 'training_completed': True, 'approval_active': True, 'approval_expired': False, 'supervised_by_pi': True}, 'record': {'risk_level': 2, 'anonymized': True, 'sensitive': True}, 'context': {'emergency': True, 'logged': True}}",0.01828380000370089,2.6599998818710446e-05,2579,0,0.0,,"{'clearance_monotonicity': {'checked': 822, 'violations': 0}, 'risk_monotonicity': {'checked': 841, 'violations': 0}, 'expiration_safety': {'checked': 531, 'violations': 0}, 'external_anonymization_relaxation': {'checked': 131, 'violations': 0}, 'emergency_logging_safety': {'checked': 254, 'violations': 0}}",True,"{'user': {'role': 'researcher', 'clearance': 0, 'training_completed': False, 'approval_active': False, 'approval_expired': False, 'supervised_by_pi': False}, 'record': {'risk_level': 0, 'anonymized': False, 'sensitive': True}, 'context': {'emergency': False, 'logged': False}}",0.002441700009512715,1.0,0.0,0.0,46.6875,high
R04-M3,R04,mutant,replace_and_with_or,replace_and_with_or,"['R04-O1', 'R04-O2', 'R04-O3', 'R04-O4']",[],[],1.0,0,2000,240,1760,0.12,1760,0,1358,"{'user': {'role': 'external', 'clearance': 4, 'training_completed': True, 'approval_active': False, 'approval_expired': True, 'supervised_by_pi': False}, 'record': {'risk_level': 0, 'anonymized': False, 'sensitive': True}, 'context': {'emergency': False, 'logged': False}}",0.012557699999888428,1.7400001524947584e-05,2532,0,0.0,,"{'clearance_monotonicity': {'checked': 858, 'violations': 0}, 'risk_monotonicity': {'checked': 826, 'violations': 0}, 'expiration_safety': {'checked': 469, 'violations': 0}, 'external_anonymization_relaxation': {'checked': 154, 'violations': 0}, 'emergency_logging_safety': {'checked': 225, 'violations': 0}}",True,"{'user': {'role': 'PI', 'clearance': 0, 'training_completed': False, 'approval_active': False, 'approval_expired': False, 'supervised_by_pi': False}, 'record': {'risk_level': 0, 'anonymized': False, 'sensitive': False}, 'context': {'emergency': False, 'logged': False}}",0.00193569999828469,1.0,0.0,0.0,48.0,high
R03-M3,R03,mutant,replace_and_with_or,replace_and_with_or,"['R03-O1', 'R03-O2', 'R03-O3', 'R03-O4']",[],[],1.0,0,2000,242,1758,0.121,1758,0,1376,"{'user': {'role': 'PI', 'clearance': 4, 'training_completed': True, 'approval_active': True, 'approval_expired': False, 'supervised_by_pi': False}, 'record': {'risk_level': 0, 'anonymized': True, 'sensitive': True}, 'context': {'emergency': False, 'logged': False}}",0.012301400012802333,1.850000990089029e-05,2553,0,0.0,,"{'clearance_monotonicity': {'checked': 829, 'violations': 0}, 'risk_monotonicity': {'checked': 816, 'violations': 0}, 'expiration_safety': {'checked': 500, 'violations': 0}, 'external_anonymization_relaxation': {'checked': 134, 'violations': 0}, 'emergency_logging_safety': {'checked': 274, 'violations': 0}}",True,"{'user': {'role': 'PI', 'clearance': 0, 'training_completed': False, 'approval_active': False, 'approval_expired': False, 'supervised_by_pi': False}, 'record': {'risk_level': 0, 'anonymized': False, 'sensitive': False}, 'context': {'emergency': False, 'logged': False}}",0.0020955999934813008,1.0,0.0,0.0,48.025,high
R06-M3,R06,mutant,replace_and_with_or,replace_and_with_or,"['R06-O1', 'R06-O2', 'R06-O3', 'R06-O4']",[],[],1.0,0,2000,255,1745,0.1275,1745,0,1589,"{'user': {'role': 'external', 'clearance': 4, 'training_completed': False, 'approval_active': False, 'approval_expired': True, 'supervised_by_pi': True}, 'record': {'risk_level': 5, 'anonymized': True, 'sensitive': False}, 'context': {'emergency': True, 'logged': False}}",0.017353100003674626,2.710000262595713e-05,2557,0,0.0,,"{'clearance_monotonicity': {'checked': 822, 'violations': 0}, 'risk_monotonicity': {'checked': 834, 'violations': 0}, 'expiration_safety': {'checked': 511, 'violations': 0}, 'external_anonymization_relaxation': {'checked': 136, 'violations': 0}, 'emergency_logging_safety': {'checked': 254, 'violations': 0}}",True,"{'user': {'role': 'researcher', 'clearance': 0, 'training_completed': False, 'approval_active': False, 'approval_expired': False, 'supervised_by_pi': False}, 'record': {'risk_level': 0, 'anonymized': False, 'sensitive': False}, 'context': {'emergency': False, 'logged': False}}",0.002072000002954155,1.0,0.0,0.0,48.1875,high
R10-M6,R10,mutant,drop_logging_or_expiration_if_present,drop_logging_or_expiration_if_present,"['R10-O2', 'R10-O3']","['R10-O1', 'R10-O4', 'R10-O5']","['low risk exception', 'approval valid', 'access logged']",0.4,0,2000,1678,322,0.839,322,0,100,"{'user': {'role': 'trainee', 'clearance': 0, 'training_completed': False, 'approval_active': True, 'approval_expired': True, 'supervised_by_pi': True}, 'record': {'risk_level': 0, 'anonymized': True, 'sensitive': False}, 'context': {'emergency': True, 'logged': False}}",0.018459099999745376,2.7999994927085936e-05,2539,0,0.0,,"{'clearance_monotonicity': {'checked': 819, 'violations': 0}, 'risk_monotonicity': {'checked': 836, 'violations': 0}, 'expiration_safety': {'checked': 511, 'violations': 0}, 'external_anonymization_relaxation': {'checked': 120, 'violations': 0}, 'emergency_logging_safety': {'checked': 253, 'violations': 0}}",True,"{'user': {'role': 'PI', 'clearance': 0, 'training_completed': True, 'approval_active': True, 'approval_expired': False, 'supervised_by_pi': False}, 'record': {'risk_level': 0, 'anonymized': False, 'sensitive': False}, 'context': {'emergency': False, 'logged': False}}",0.0021428000036394224,1.0,0.0,0.0,50.974999999999994,high
R06-C3,R06,candidate,omits emergency logging,missing_emergency_logging,"['R06-O1', 'R06-O4']","['R06-O2', 'R06-O3']","['access logged', 'approval not expired']",0.5,2,2000,1479,521,0.7395,521,0,521,"{'user': {'role': 'researcher', 'clearance': 3, 'training_completed': False, 'approval_active': True, 'approval_expired': False, 'supervised_by_pi': True}, 'record': {'risk_level': 1, 'anonymized': True, 'sensitive': False}, 'context': {'emergency': True, 'logged': False}}",0.011929300002520904,3.989999822806567e-05,2557,0,0.0,,"{'clearance_monotonicity': {'checked': 822, 'violations': 0}, 'risk_monotonicity': {'checked': 834, 'violations': 0}, 'expiration_safety': {'checked': 511, 'violations': 0}, 'external_anonymization_relaxation': {'checked': 136, 'violations': 0}, 'emergency_logging_safety': {'checked': 254, 'violations': 0}}",True,"{'user': {'role': 'PI', 'clearance': 0, 'training_completed': False, 'approval_active': False, 'approval_expired': False, 'supervised_by_pi': False}, 'record': {'risk_level': 0, 'anonymized': False, 'sensitive': False}, 'context': {'emergency': True, 'logged': False}}",0.001989199998206459,1.0,0.0,0.0,50.9875,high
R06-M6,R06,mutant,drop_logging_or_expiration_if_present,drop_logging_or_expiration_if_present,"['R06-O1', 'R06-O4']","['R06-O2', 'R06-O3']","['access logged', 'approval not expired']",0.5,2,2000,1479,521,0.7395,521,0,521,"{'user': {'role': 'researcher', 'clearance': 3, 'training_completed': False, 'approval_active': True, 'approval_expired': False, 'supervised_by_pi': True}, 'record': {'risk_level': 1, 'anonymized': True, 'sensitive': False}, 'context': {'emergency': True, 'logged': False}}",0.012173600000096485,4.630000330507755e-05,2557,0,0.0,,"{'clearance_monotonicity': {'checked': 822, 'violations': 0}, 'risk_monotonicity': {'checked': 834, 'violations': 0}, 'expiration_safety': {'checked': 511, 'violations': 0}, 'external_anonymization_relaxation': {'checked': 136, 'violations': 0}, 'emergency_logging_safety': {'checked': 254, 'violations': 0}}",True,"{'user': {'role': 'PI', 'clearance': 0, 'training_completed': False, 'approval_active': False, 'approval_expired': True, 'supervised_by_pi': False}, 'record': {'risk_level': 0, 'anonymized': False, 'sensitive': False}, 'context': {'emergency': True, 'logged': True}}",0.002064300002530217,1.0,0.0,0.0,50.9875,high
R02-C3,R02,candidate,over-permissive Boolean connective,wrong_boolean_connective,"['R02-O1', 'R02-O2', 'R02-O3']",[],[],1.0,0,2000,496,1504,0.248,1504,0,1135,"{'user': {'role': 'external', 'clearance': 0, 'training_completed': False, 'approval_active': True, 'approval_expired': False, 'supervised_by_pi': True}, 'record': {'risk_level': 0, 'anonymized': True, 'sensitive': False}, 'context': {'emergency': False, 'logged': False}}",0.01167729998996947,2.3599990527145565e-05,2550,0,0.0,,"{'clearance_monotonicity': {'checked': 828, 'violations': 0}, 'risk_monotonicity': {'checked': 836, 'violations': 0}, 'expiration_safety': {'checked': 490, 'violations': 0}, 'external_anonymization_relaxation': {'checked': 140, 'violations': 0}, 'emergency_logging_safety': {'checked': 256, 'violations': 0}}",True,"{'user': {'role': 'PI', 'clearance': 0, 'training_completed': False, 'approval_active': False, 'approval_expired': False, 'supervised_by_pi': False}, 'record': {'risk_level': 0, 'anonymized': False, 'sensitive': False}, 'context': {'emergency': False, 'logged': False}}",0.0019297999970149249,1.0,0.0,0.0,51.2,high
R02-M3,R02,mutant,replace_and_with_or,replace_and_with_or,"['R02-O1', 'R02-O2', 'R02-O3']",[],[],1.0,0,2000,496,1504,0.248,1504,0,1135,"{'user': {'role': 'external', 'clearance': 0, 'training_completed': False, 'approval_active': True, 'approval_expired': False, 'supervised_by_pi': True}, 'record': {'risk_level': 0, 'anonymized': True, 'sensitive': False}, 'context': {'emergency': False, 'logged': False}}",0.01194019999820739,2.1500003640539944e-05,2550,0,0.0,,"{'clearance_monotonicity': {'checked': 828, 'violations': 0}, 'risk_monotonicity': {'checked': 836, 'violations': 0}, 'expiration_safety': {'checked': 490, 'violations': 0}, 'external_anonymization_relaxation': {'checked': 140, 'violations': 0}, 'emergency_logging_safety': {'checked': 256, 'violations': 0}}",True,"{'user': {'role': 'PI', 'clearance': 0, 'training_completed': False, 'approval_active': False, 'approval_expired': False, 'supervised_by_pi': False}, 'record': {'risk_level': 0, 'anonymized': False, 'sensitive': False}, 'context': {'emergency': False, 'logged': False}}",0.0019890000112354755,1.0,0.0,0.0,51.2,high
R01-M3,R01,mutant,replace_and_with_or,replace_and_with_or,"['R01-O1', 'R01-O2', 'R01-O3']",[],[],1.0,0,2000,518,1482,0.259,1482,0,1163,"{'user': {'role': 'researcher', 'clearance': 2, 'training_completed': True, 'approval_active': False, 'approval_expired': False, 'supervised_by_pi': True}, 'record': {'risk_level': 0, 'anonymized': False, 'sensitive': False}, 'context': {'emergency': False, 'logged': True}}",0.012239199990290217,3.060000017285347e-05,2538,0,0.0,,"{'clearance_monotonicity': {'checked': 833, 'violations': 0}, 'risk_monotonicity': {'checked': 825, 'violations': 0}, 'expiration_safety': {'checked': 503, 'violations': 0}, 'external_anonymization_relaxation': {'checked': 134, 'violations': 0}, 'emergency_logging_safety': {'checked': 243, 'violations': 0}}",True,"{'user': {'role': 'PI', 'clearance': 0, 'training_completed': False, 'approval_active': True, 'approval_expired': False, 'supervised_by_pi': False}, 'record': {'risk_level': 1, 'anonymized': False, 'sensitive': False}, 'context': {'emergency': False, 'logged': False}}",0.001960900000995025,1.0,0.0,0.0,51.475,high
R04-M6,R04,mutant,drop_logging_or_expiration_if_present,drop_logging_or_expiration_if_present,"['R04-O1', 'R04-O3']","['R04-O2', 'R04-O4']","['approval not expired', 'access logged']",0.5,1,2000,1549,451,0.7745,451,0,306,"{'user': {'role': 'external', 'clearance': 2, 'training_completed': False, 'approval_active': True, 'approval_expired': False, 'supervised_by_pi': True}, 'record': {'risk_level': 1, 'anonymized': True, 'sensitive': False}, 'context': {'emergency': False, 'logged': False}}",0.009107300007599406,3.460000152699649e-05,2532,0,0.0,,"{'clearance_monotonicity': {'checked': 858, 'violations': 0}, 'risk_monotonicity': {'checked': 826, 'violations': 0}, 'expiration_safety': {'checked': 469, 'violations': 0}, 'external_anonymization_relaxation': {'checked': 154, 'violations': 0}, 'emergency_logging_safety': {'checked': 225, 'violations': 0}}",True,"{'user': {'role': 'PI', 'clearance': 0, 'training_completed': False, 'approval_active': True, 'approval_expired': True, 'supervised_by_pi': False}, 'record': {'risk_level': 0, 'anonymized': False, 'sensitive': False}, 'context': {'emergency': False, 'logged': True}}",0.0020961000118404627,1.0,0.0,0.0,51.8625,high
R02-M4,R02,mutant,negate_boolean_condition,negate_boolean_condition,"['R02-O1', 'R02-O3']",['R02-O2'],['training completed'],0.6666666666666666,1,2000,1268,732,0.634,351,381,351,"{'user': {'role': 'trainee', 'clearance': 1, 'training_completed': True, 'approval_active': True, 'approval_expired': True, 'supervised_by_pi': False}, 'record': {'risk_level': 0, 'anonymized': False, 'sensitive': True}, 'context': {'emergency': False, 'logged': False}}",0.010501099997782148,3.0199997127056122e-05,2550,0,0.0,,"{'clearance_monotonicity': {'checked': 828, 'violations': 0}, 'risk_monotonicity': {'checked': 836, 'violations': 0}, 'expiration_safety': {'checked': 490, 'violations': 0}, 'external_anonymization_relaxation': {'checked': 140, 'violations': 0}, 'emergency_logging_safety': {'checked': 256, 'violations': 0}}",True,"{'user': {'role': 'PI', 'clearance': 0, 'training_completed': False, 'approval_active': True, 'approval_expired': False, 'supervised_by_pi': False}, 'record': {'risk_level': 0, 'anonymized': False, 'sensitive': False}, 'context': {'emergency': False, 'logged': False}}",0.0020989999902667478,1.0,0.0,0.0,52.516666666666666,high
R03-M6,R03,mutant,drop_logging_or_expiration_if_present,drop_logging_or_expiration_if_present,"['R03-O1', 'R03-O4']","['R03-O2', 'R03-O3']","['approval not expired', 'access logged']",0.5,1,2000,1613,387,0.8065,387,0,258,"{'user': {'role': 'PI', 'clearance': 4, 'training_completed': True, 'approval_active': True, 'approval_expired': False, 'supervised_by_pi': False}, 'record': {'risk_level': 0, 'anonymized': True, 'sensitive': True}, 'context': {'emergency': False, 'logged': False}}",0.008767299994360656,2.3500004317611456e-05,2553,0,0.0,,"{'clearance_monotonicity': {'checked': 829, 'violations': 0}, 'risk_monotonicity': {'checked': 816, 'violations': 0}, 'expiration_safety': {'checked': 500, 'violations': 0}, 'external_anonymization_relaxation': {'checked': 134, 'violations': 0}, 'emergency_logging_safety': {'checked': 274, 'violations': 0}}",True,"{'user': {'role': 'PI', 'clearance': 0, 'training_completed': True, 'approval_active': True, 'approval_expired': True, 'supervised_by_pi': False}, 'record': {'risk_level': 0, 'anonymized': False, 'sensitive': False}, 'context': {'emergency': False, 'logged': True}}",0.00180460000410676,1.0,0.0,0.0,52.6625,high
R01-M4,R01,mutant,negate_boolean_condition,negate_boolean_condition,"['R01-O1', 'R01-O3']",['R01-O2'],['training completed'],0.6666666666666666,1,2000,1428,572,0.714,288,284,288,"{'user': {'role': 'external', 'clearance': 4, 'training_completed': True, 'approval_active': True, 'approval_expired': True, 'supervised_by_pi': True}, 'record': {'risk_level': 1, 'anonymized': True, 'sensitive': True}, 'context': {'emergency': False, 'logged': False}}",0.010083100001793355,2.440001117065549e-05,2538,0,0.0,,"{'clearance_monotonicity': {'checked': 833, 'violations': 0}, 'risk_monotonicity': {'checked': 825, 'violations': 0}, 'expiration_safety': {'checked': 503, 'violations': 0}, 'external_anonymization_relaxation': {'checked': 134, 'violations': 0}, 'emergency_logging_safety': {'checked': 243, 'violations': 0}}",True,"{'user': {'role': 'PI', 'clearance': 0, 'training_completed': False, 'approval_active': True, 'approval_expired': False, 'supervised_by_pi': False}, 'record': {'risk_level': 0, 'anonymized': False, 'sensitive': False}, 'context': {'emergency': False, 'logged': False}}",0.0018800999969244003,1.0,0.0,0.0,54.516666666666666,high
R02-C2,R02,candidate,wrong comparator or polarity,wrong_comparator,"['R02-O2', 'R02-O3']",['R02-O1'],['external collaborators excluded'],0.6666666666666666,1,2000,1494,506,0.747,125,381,125,"{'user': {'role': 'trainee', 'clearance': 1, 'training_completed': True, 'approval_active': True, 'approval_expired': True, 'supervised_by_pi': False}, 'record': {'risk_level': 0, 'anonymized': False, 'sensitive': True}, 'context': {'emergency': False, 'logged': False}}",0.00925489999644924,2.7799993404187262e-05,2550,0,0.0,,"{'clearance_monotonicity': {'checked': 828, 'violations': 0}, 'risk_monotonicity': {'checked': 836, 'violations': 0}, 'expiration_safety': {'checked': 490, 'violations': 0}, 'external_anonymization_relaxation': {'checked': 140, 'violations': 0}, 'emergency_logging_safety': {'checked': 256, 'violations': 0}}",True,"{'user': {'role': 'external', 'clearance': 0, 'training_completed': True, 'approval_active': True, 'approval_expired': False, 'supervised_by_pi': False}, 'record': {'risk_level': 0, 'anonymized': False, 'sensitive': False}, 'context': {'emergency': False, 'logged': False}}",0.0019085000094491988,1.0,0.0,0.0,55.34166666666667,high
R02-M2,R02,mutant,flip_comparator,flip_comparator,"['R02-O2', 'R02-O3']",['R02-O1'],['external collaborators excluded'],0.6666666666666666,1,2000,1494,506,0.747,125,381,125,"{'user': {'role': 'trainee', 'clearance': 1, 'training_completed': True, 'approval_active': True, 'approval_expired': True, 'supervised_by_pi': False}, 'record': {'risk_level': 0, 'anonymized': False, 'sensitive': True}, 'context': {'emergency': False, 'logged': False}}",0.009013400005642325,2.6300011086277664e-05,2550,0,0.0,,"{'clearance_monotonicity': {'checked': 828, 'violations': 0}, 'risk_monotonicity': {'checked': 836, 'violations': 0}, 'expiration_safety': {'checked': 490, 'violations': 0}, 'external_anonymization_relaxation': {'checked': 140, 'violations': 0}, 'emergency_logging_safety': {'checked': 256, 'violations': 0}}",True,"{'user': {'role': 'external', 'clearance': 0, 'training_completed': True, 'approval_active': True, 'approval_expired': False, 'supervised_by_pi': False}, 'record': {'risk_level': 0, 'anonymized': False, 'sensitive': False}, 'context': {'emergency': False, 'logged': False}}",0.001938100002007559,1.0,0.0,0.0,55.34166666666667,high
R01-C1,R01,candidate,missing key obligation,missing_obligation,"['R01-O2', 'R01-O3']",['R01-O1'],['clearance at least risk'],0.6666666666666666,1,2000,1813,187,0.9065,187,0,187,"{'user': {'role': 'researcher', 'clearance': 4, 'training_completed': True, 'approval_active': True, 'approval_expired': False, 'supervised_by_pi': False}, 'record': {'risk_level': 5, 'anonymized': False, 'sensitive': False}, 'context': {'emergency': True, 'logged': True}}",0.009176799998385832,4.260000423528254e-05,2538,0,0.0,,"{'clearance_monotonicity': {'checked': 833, 'violations': 0}, 'risk_monotonicity': {'checked': 825, 'violations': 0}, 'expiration_safety': {'checked': 503, 'violations': 0}, 'external_anonymization_relaxation': {'checked': 134, 'violations': 0}, 'emergency_logging_safety': {'checked': 243, 'violations': 0}}",True,"{'user': {'role': 'PI', 'clearance': 0, 'training_completed': True, 'approval_active': True, 'approval_expired': False, 'supervised_by_pi': False}, 'record': {'risk_level': 1, 'anonymized': False, 'sensitive': False}, 'context': {'emergency': False, 'logged': False}}",0.04307800000242423,1.0,0.0,0.0,59.329166666666666,high
R01-M1,R01,mutant,drop_one_obligation,drop_one_obligation,"['R01-O2', 'R01-O3']",['R01-O1'],['clearance at least risk'],0.6666666666666666,1,2000,1813,187,0.9065,187,0,187,"{'user': {'role': 'researcher', 'clearance': 4, 'training_completed': True, 'approval_active': True, 'approval_expired': False, 'supervised_by_pi': False}, 'record': {'risk_level': 5, 'anonymized': False, 'sensitive': False}, 'context': {'emergency': True, 'logged': True}}",0.009190700002363883,3.7999998312443495e-05,2538,0,0.0,,"{'clearance_monotonicity': {'checked': 833, 'violations': 0}, 'risk_monotonicity': {'checked': 825, 'violations': 0}, 'expiration_safety': {'checked': 503, 'violations': 0}, 'external_anonymization_relaxation': {'checked': 134, 'violations': 0}, 'emergency_logging_safety': {'checked': 243, 'violations': 0}}",True,"{'user': {'role': 'PI', 'clearance': 0, 'training_completed': True, 'approval_active': True, 'approval_expired': False, 'supervised_by_pi': False}, 'record': {'risk_level': 1, 'anonymized': False, 'sensitive': False}, 'context': {'emergency': False, 'logged': False}}",0.0019531999860191718,1.0,0.0,0.0,59.329166666666666,high
R01-M6,R01,mutant,drop_one_obligation,drop_one_obligation,"['R01-O2', 'R01-O3']",['R01-O1'],['clearance at least risk'],0.6666666666666666,1,2000,1813,187,0.9065,187,0,187,"{'user': {'role': 'researcher', 'clearance': 4, 'training_completed': True, 'approval_active': True, 'approval_expired': False, 'supervised_by_pi': False}, 'record': {'risk_level': 5, 'anonymized': False, 'sensitive': False}, 'context': {'emergency': True, 'logged': True}}",0.009093599990592338,3.4199998481199145e-05,2538,0,0.0,,"{'clearance_monotonicity': {'checked': 833, 'violations': 0}, 'risk_monotonicity': {'checked': 825, 'violations': 0}, 'expiration_safety': {'checked': 503, 'violations': 0}, 'external_anonymization_relaxation': {'checked': 134, 'violations': 0}, 'emergency_logging_safety': {'checked': 243, 'violations': 0}}",True,"{'user': {'role': 'PI', 'clearance': 0, 'training_completed': True, 'approval_active': True, 'approval_expired': False, 'supervised_by_pi': False}, 'record': {'risk_level': 1, 'anonymized': False, 'sensitive': False}, 'context': {'emergency': False, 'logged': False}}",0.0020563999860314652,1.0,0.0,0.0,59.329166666666666,high
R02-C1,R02,candidate,missing key obligation,missing_obligation,"['R02-O2', 'R02-O3']",['R02-O1'],['external collaborators excluded'],0.6666666666666666,1,2000,1875,125,0.9375,125,0,125,"{'user': {'role': 'external', 'clearance': 3, 'training_completed': True, 'approval_active': True, 'approval_expired': False, 'supervised_by_pi': True}, 'record': {'risk_level': 5, 'anonymized': False, 'sensitive': True}, 'context': {'emergency': False, 'logged': False}}",0.00909769999270793,9.14999982342124e-05,2550,0,0.0,,"{'clearance_monotonicity': {'checked': 828, 'violations': 0}, 'risk_monotonicity': {'checked': 836, 'violations': 0}, 'expiration_safety': {'checked': 490, 'violations': 0}, 'external_anonymization_relaxation': {'checked': 140, 'violations': 0}, 'emergency_logging_safety': {'checked': 256, 'violations': 0}}",True,"{'user': {'role': 'external', 'clearance': 0, 'training_completed': True, 'approval_active': True, 'approval_expired': False, 'supervised_by_pi': False}, 'record': {'risk_level': 0, 'anonymized': False, 'sensitive': False}, 'context': {'emergency': False, 'logged': False}}",0.0022147999989101663,1.0,0.0,0.0,60.104166666666664,high
R02-M1,R02,mutant,drop_one_obligation,drop_one_obligation,"['R02-O2', 'R02-O3']",['R02-O1'],['external collaborators excluded'],0.6666666666666666,1,2000,1875,125,0.9375,125,0,125,"{'user': {'role': 'external', 'clearance': 3, 'training_completed': True, 'approval_active': True, 'approval_expired': False, 'supervised_by_pi': True}, 'record': {'risk_level': 5, 'anonymized': False, 'sensitive': True}, 'context': {'emergency': False, 'logged': False}}",0.00908440000785049,0.00010200000542681664,2550,0,0.0,,"{'clearance_monotonicity': {'checked': 828, 'violations': 0}, 'risk_monotonicity': {'checked': 836, 'violations': 0}, 'expiration_safety': {'checked': 490, 'violations': 0}, 'external_anonymization_relaxation': {'checked': 140, 'violations': 0}, 'emergency_logging_safety': {'checked': 256, 'violations': 0}}",True,"{'user': {'role': 'external', 'clearance': 0, 'training_completed': True, 'approval_active': True, 'approval_expired': False, 'supervised_by_pi': False}, 'record': {'risk_level': 0, 'anonymized': False, 'sensitive': False}, 'context': {'emergency': False, 'logged': False}}",0.0018631999992066994,1.0,0.0,0.0,60.104166666666664,high
R02-M6,R02,mutant,drop_one_obligation,drop_one_obligation,"['R02-O2', 'R02-O3']",['R02-O1'],['external collaborators excluded'],0.6666666666666666,1,2000,1875,125,0.9375,125,0,125,"{'user': {'role': 'external', 'clearance': 3, 'training_completed': True, 'approval_active': True, 'approval_expired': False, 'supervised_by_pi': True}, 'record': {'risk_level': 5, 'anonymized': False, 'sensitive': True}, 'context': {'emergency': False, 'logged': False}}",0.008806300000287592,9.029998909682035e-05,2550,0,0.0,,"{'clearance_monotonicity': {'checked': 828, 'violations': 0}, 'risk_monotonicity': {'checked': 836, 'violations': 0}, 'expiration_safety': {'checked': 490, 'violations': 0}, 'external_anonymization_relaxation': {'checked': 140, 'violations': 0}, 'emergency_logging_safety': {'checked': 256, 'violations': 0}}",True,"{'user': {'role': 'external', 'clearance': 0, 'training_completed': True, 'approval_active': True, 'approval_expired': False, 'supervised_by_pi': False}, 'record': {'risk_level': 0, 'anonymized': False, 'sensitive': False}, 'context': {'emergency': False, 'logged': False}}",0.001841500008595176,1.0,0.0,0.0,60.104166666666664,high
R03-C2,R03,candidate,wrong comparator or polarity,wrong_comparator,"['R03-O2', 'R03-O3', 'R03-O4']",['R03-O1'],['approval active'],0.75,1,2000,1752,248,0.876,122,126,122,"{'user': {'role': 'external', 'clearance': 4, 'training_completed': True, 'approval_active': False, 'approval_expired': False, 'supervised_by_pi': True}, 'record': {'risk_level': 3, 'anonymized': False, 'sensitive': True}, 'context': {'emergency': False, 'logged': True}}",0.009356599999591708,4.339999577496201e-05,2553,0,0.0,,"{'clearance_monotonicity': {'checked': 829, 'violations': 0}, 'risk_monotonicity': {'checked': 816, 'violations': 0}, 'expiration_safety': {'checked': 500, 'violations': 0}, 'external_anonymization_relaxation': {'checked': 134, 'violations': 0}, 'emergency_logging_safety': {'checked': 274, 'violations': 0}}",True,"{'user': {'role': 'PI', 'clearance': 0, 'training_completed': True, 'approval_active': False, 'approval_expired': False, 'supervised_by_pi': False}, 'record': {'risk_level': 0, 'anonymized': False, 'sensitive': False}, 'context': {'emergency': False, 'logged': True}}",0.0019656999938888475,1.0,0.0,0.0,60.65,high
R03-M2,R03,mutant,flip_comparator,flip_comparator,"['R03-O2', 'R03-O3', 'R03-O4']",['R03-O1'],['approval active'],0.75,1,2000,1752,248,0.876,122,126,122,"{'user': {'role': 'external', 'clearance': 4, 'training_completed': True, 'approval_active': False, 'approval_expired': False, 'supervised_by_pi': True}, 'record': {'risk_level': 3, 'anonymized': False, 'sensitive': True}, 'context': {'emergency': False, 'logged': True}}",0.008949099996243604,4.030000127386302e-05,2553,0,0.0,,"{'clearance_monotonicity': {'checked': 829, 'violations': 0}, 'risk_monotonicity': {'checked': 816, 'violations': 0}, 'expiration_safety': {'checked': 500, 'violations': 0}, 'external_anonymization_relaxation': {'checked': 134, 'violations': 0}, 'emergency_logging_safety': {'checked': 274, 'violations': 0}}",True,"{'user': {'role': 'PI', 'clearance': 0, 'training_completed': True, 'approval_active': False, 'approval_expired': False, 'supervised_by_pi': False}, 'record': {'risk_level': 0, 'anonymized': False, 'sensitive': False}, 'context': {'emergency': False, 'logged': True}}",0.001958699998795055,1.0,0.0,0.0,60.65,high
R03-M4,R03,mutant,negate_boolean_condition,negate_boolean_condition,"['R03-O2', 'R03-O3', 'R03-O4']",['R03-O1'],['approval active'],0.75,1,2000,1752,248,0.876,122,126,122,"{'user': {'role': 'external', 'clearance': 4, 'training_completed': True, 'approval_active': False, 'approval_expired': False, 'supervised_by_pi': True}, 'record': {'risk_level': 3, 'anonymized': False, 'sensitive': True}, 'context': {'emergency': False, 'logged': True}}",0.008968099995399825,4.359999729786068e-05,2553,0,0.0,,"{'clearance_monotonicity': {'checked': 829, 'violations': 0}, 'risk_monotonicity': {'checked': 816, 'violations': 0}, 'expiration_safety': {'checked': 500, 'violations': 0}, 'external_anonymization_relaxation': {'checked': 134, 'violations': 0}, 'emergency_logging_safety': {'checked': 274, 'violations': 0}}",True,"{'user': {'role': 'PI', 'clearance': 0, 'training_completed': True, 'approval_active': False, 'approval_expired': False, 'supervised_by_pi': False}, 'record': {'risk_level': 0, 'anonymized': False, 'sensitive': False}, 'context': {'emergency': False, 'logged': True}}",0.0020678000000771135,1.0,0.0,0.0,60.65,high
R06-C1,R06,candidate,missing key obligation,missing_obligation,"['R06-O1', 'R06-O3', 'R06-O4']",['R06-O2'],['access logged'],0.75,1,2000,1819,181,0.9095,181,0,181,"{'user': {'role': 'researcher', 'clearance': 3, 'training_completed': False, 'approval_active': True, 'approval_expired': False, 'supervised_by_pi': True}, 'record': {'risk_level': 1, 'anonymized': True, 'sensitive': False}, 'context': {'emergency': True, 'logged': False}}",0.010674100005417131,5.1700000767596066e-05,2557,0,0.0,,"{'clearance_monotonicity': {'checked': 822, 'violations': 0}, 'risk_monotonicity': {'checked': 834, 'violations': 0}, 'expiration_safety': {'checked': 511, 'violations': 0}, 'external_anonymization_relaxation': {'checked': 136, 'violations': 0}, 'emergency_logging_safety': {'checked': 254, 'violations': 0}}",True,"{'user': {'role': 'PI', 'clearance': 0, 'training_completed': False, 'approval_active': False, 'approval_expired': False, 'supervised_by_pi': False}, 'record': {'risk_level': 0, 'anonymized': False, 'sensitive': False}, 'context': {'emergency': True, 'logged': False}}",0.0023562999995192513,1.0,0.0,0.0,61.4875,high
R10-M4,R10,mutant,negate_boolean_condition,negate_boolean_condition,"['R10-O2', 'R10-O3', 'R10-O4', 'R10-O5']",['R10-O1'],['low risk exception'],0.8,0,2000,1722,278,0.861,157,121,103,"{'user': {'role': 'PI', 'clearance': 0, 'training_completed': False, 'approval_active': False, 'approval_expired': True, 'supervised_by_pi': True}, 'record': {'risk_level': 0, 'anonymized': True, 'sensitive': False}, 'context': {'emergency': True, 'logged': True}}",0.018917499997769482,3.940000897273421e-05,2539,0,0.0,,"{'clearance_monotonicity': {'checked': 819, 'violations': 0}, 'risk_monotonicity': {'checked': 836, 'violations': 0}, 'expiration_safety': {'checked': 511, 'violations': 0}, 'external_anonymization_relaxation': {'checked': 120, 'violations': 0}, 'emergency_logging_safety': {'checked': 253, 'violations': 0}}",True,"{'user': {'role': 'PI', 'clearance': 0, 'training_completed': True, 'approval_active': True, 'approval_expired': False, 'supervised_by_pi': False}, 'record': {'risk_level': 1, 'anonymized': False, 'sensitive': False}, 'context': {'emergency': False, 'logged': True}}",0.0022430999961216003,1.0,0.0,0.0,61.525,high
R04-C1,R04,candidate,missing key obligation,missing_obligation,"['R04-O1', 'R04-O3', 'R04-O4']",['R04-O2'],['approval not expired'],0.75,1,2000,1837,163,0.9185,163,0,163,"{'user': {'role': 'researcher', 'clearance': 1, 'training_completed': True, 'approval_active': True, 'approval_expired': True, 'supervised_by_pi': True}, 'record': {'risk_level': 1, 'anonymized': True, 'sensitive': False}, 'context': {'emergency': True, 'logged': True}}",0.009432100006961264,0.00011239999730605632,2532,0,0.0,,"{'clearance_monotonicity': {'checked': 858, 'violations': 0}, 'risk_monotonicity': {'checked': 826, 'violations': 0}, 'expiration_safety': {'checked': 469, 'violations': 0}, 'external_anonymization_relaxation': {'checked': 154, 'violations': 0}, 'emergency_logging_safety': {'checked': 225, 'violations': 0}}",True,"{'user': {'role': 'PI', 'clearance': 0, 'training_completed': False, 'approval_active': True, 'approval_expired': True, 'supervised_by_pi': False}, 'record': {'risk_level': 0, 'anonymized': False, 'sensitive': False}, 'context': {'emergency': False, 'logged': True}}",0.0019428999949013814,1.0,0.0,0.0,61.7125,high
R03-C1,R03,candidate,missing key obligation,missing_obligation,"['R03-O2', 'R03-O3', 'R03-O4']",['R03-O1'],['approval active'],0.75,1,2000,1878,122,0.939,122,0,122,"{'user': {'role': 'external', 'clearance': 4, 'training_completed': True, 'approval_active': False, 'approval_expired': False, 'supervised_by_pi': True}, 'record': {'risk_level': 3, 'anonymized': False, 'sensitive': True}, 'context': {'emergency': False, 'logged': True}}",0.009268399997381493,4.3199994252063334e-05,2553,0,0.0,,"{'clearance_monotonicity': {'checked': 829, 'violations': 0}, 'risk_monotonicity': {'checked': 816, 'violations': 0}, 'expiration_safety': {'checked': 500, 'violations': 0}, 'external_anonymization_relaxation': {'checked': 134, 'violations': 0}, 'emergency_logging_safety': {'checked': 274, 'violations': 0}}",True,"{'user': {'role': 'PI', 'clearance': 0, 'training_completed': True, 'approval_active': False, 'approval_expired': False, 'supervised_by_pi': False}, 'record': {'risk_level': 0, 'anonymized': False, 'sensitive': False}, 'context': {'emergency': False, 'logged': True}}",0.0019810999947367236,1.0,0.0,0.0,62.224999999999994,high
R03-M1,R03,mutant,drop_one_obligation,drop_one_obligation,"['R03-O2', 'R03-O3', 'R03-O4']",['R03-O1'],['approval active'],0.75,1,2000,1878,122,0.939,122,0,122,"{'user': {'role': 'external', 'clearance': 4, 'training_completed': True, 'approval_active': False, 'approval_expired': False, 'supervised_by_pi': True}, 'record': {'risk_level': 3, 'anonymized': False, 'sensitive': True}, 'context': {'emergency': False, 'logged': True}}",0.008885599992936477,4.449998959898949e-05,2553,0,0.0,,"{'clearance_monotonicity': {'checked': 829, 'violations': 0}, 'risk_monotonicity': {'checked': 816, 'violations': 0}, 'expiration_safety': {'checked': 500, 'violations': 0}, 'external_anonymization_relaxation': {'checked': 134, 'violations': 0}, 'emergency_logging_safety': {'checked': 274, 'violations': 0}}",True,"{'user': {'role': 'PI', 'clearance': 0, 'training_completed': True, 'approval_active': False, 'approval_expired': False, 'supervised_by_pi': False}, 'record': {'risk_level': 0, 'anonymized': False, 'sensitive': False}, 'context': {'emergency': False, 'logged': True}}",0.0019084999948972836,1.0,0.0,0.0,62.224999999999994,high
R09-C1,R09,candidate,missing key obligation,missing_obligation,"['R09-O1', 'R09-O3', 'R09-O4', 'R09-O5']",['R09-O2'],['PI or researcher role'],0.8,1,2000,1917,83,0.9585,83,0,83,"{'user': {'role': 'external', 'clearance': 3, 'training_completed': True, 'approval_active': False, 'approval_expired': True, 'supervised_by_pi': True}, 'record': {'risk_level': 1, 'anonymized': True, 'sensitive': True}, 'context': {'emergency': True, 'logged': True}}",0.011023699989891611,0.00022309999621938914,2579,0,0.0,,"{'clearance_monotonicity': {'checked': 822, 'violations': 0}, 'risk_monotonicity': {'checked': 841, 'violations': 0}, 'expiration_safety': {'checked': 531, 'violations': 0}, 'external_anonymization_relaxation': {'checked': 131, 'violations': 0}, 'emergency_logging_safety': {'checked': 254, 'violations': 0}}",True,"{'user': {'role': 'trainee', 'clearance': 0, 'training_completed': True, 'approval_active': False, 'approval_expired': False, 'supervised_by_pi': False}, 'record': {'risk_level': 0, 'anonymized': False, 'sensitive': True}, 'context': {'emergency': False, 'logged': True}}",0.0020814000017708167,1.0,0.0,0.0,63.962500000000006,high
R05-M4,R05,mutant,negate_boolean_condition,negate_boolean_condition,"['R05-O1', 'R05-O3', 'R05-O4', 'R05-O5']",['R05-O2'],['record anonymized'],0.8,1,2000,1933,67,0.9665,37,30,37,"{'user': {'role': 'external', 'clearance': 4, 'training_completed': True, 'approval_active': False, 'approval_expired': True, 'supervised_by_pi': True}, 'record': {'risk_level': 2, 'anonymized': False, 'sensitive': False}, 'context': {'emergency': False, 'logged': True}}",0.007969899990712292,0.0001387999946018681,2497,20,0.008009611533840609,"{'relation': 'external_anonymization_relaxation', 'base_input': {'user': {'role': 'external', 'clearance': 4, 'training_completed': True, 'approval_active': False, 'approval_expired': True, 'supervised_by_pi': True}, 'record': {'risk_level': 2, 'anonymized': False, 'sensitive': False}, 'context': {'emergency': False, 'logged': True}}, 'follow_up_input': {'user': {'role': 'external', 'clearance': 4, 'training_completed': True, 'approval_active': False, 'approval_expired': True, 'supervised_by_pi': True}, 'record': {'risk_level': 2, 'anonymized': True, 'sensitive': False}, 'context': {'emergency': False, 'logged': True}}, 'base_output': True, 'follow_up_output': False}","{'clearance_monotonicity': {'checked': 824, 'violations': 0}, 'risk_monotonicity': {'checked': 814, 'violations': 0}, 'expiration_safety': {'checked': 481, 'violations': 0}, 'external_anonymization_relaxation': {'checked': 129, 'violations': 20}, 'emergency_logging_safety': {'checked': 249, 'violations': 0}}",True,"{'user': {'role': 'external', 'clearance': 0, 'training_completed': False, 'approval_active': False, 'approval_expired': False, 'supervised_by_pi': False}, 'record': {'risk_level': 0, 'anonymized': False, 'sensitive': False}, 'context': {'emergency': False, 'logged': True}}",0.0020819999917875975,0.9919903884661594,0.0,0.0,64.00230776932318,high
R08-M4,R08,mutant,negate_boolean_condition,negate_boolean_condition,"['R08-O1', 'R08-O3', 'R08-O4', 'R08-O5']",['R08-O2'],['supervised by PI'],0.8,1,2000,1922,78,0.961,45,33,45,"{'user': {'role': 'trainee', 'clearance': 5, 'training_completed': True, 'approval_active': True, 'approval_expired': True, 'supervised_by_pi': False}, 'record': {'risk_level': 1, 'anonymized': True, 'sensitive': False}, 'context': {'emergency': False, 'logged': False}}",0.008856800006469712,4.230000195093453e-05,2560,0,0.0,,"{'clearance_monotonicity': {'checked': 855, 'violations': 0}, 'risk_monotonicity': {'checked': 831, 'violations': 0}, 'expiration_safety': {'checked': 490, 'violations': 0}, 'external_anonymization_relaxation': {'checked': 119, 'violations': 0}, 'emergency_logging_safety': {'checked': 265, 'violations': 0}}",True,"{'user': {'role': 'trainee', 'clearance': 0, 'training_completed': True, 'approval_active': True, 'approval_expired': False, 'supervised_by_pi': False}, 'record': {'risk_level': 0, 'anonymized': False, 'sensitive': False}, 'context': {'emergency': False, 'logged': False}}",0.0021591999975498766,1.0,0.0,0.0,64.025,high
R08-C1,R08,candidate,missing key obligation,missing_obligation,"['R08-O1', 'R08-O3', 'R08-O4', 'R08-O5']",['R08-O2'],['supervised by PI'],0.8,1,2000,1955,45,0.9775,45,0,45,"{'user': {'role': 'trainee', 'clearance': 5, 'training_completed': True, 'approval_active': True, 'approval_expired': True, 'supervised_by_pi': False}, 'record': {'risk_level': 1, 'anonymized': True, 'sensitive': False}, 'context': {'emergency': False, 'logged': False}}",0.007922299992060289,4.089999129064381e-05,2560,0,0.0,,"{'clearance_monotonicity': {'checked': 855, 'violations': 0}, 'risk_monotonicity': {'checked': 831, 'violations': 0}, 'expiration_safety': {'checked': 490, 'violations': 0}, 'external_anonymization_relaxation': {'checked': 119, 'violations': 0}, 'emergency_logging_safety': {'checked': 265, 'violations': 0}}",True,"{'user': {'role': 'trainee', 'clearance': 0, 'training_completed': True, 'approval_active': True, 'approval_expired': False, 'supervised_by_pi': False}, 'record': {'risk_level': 0, 'anonymized': False, 'sensitive': False}, 'context': {'emergency': False, 'logged': False}}",0.0020936000073561445,1.0,0.0,0.0,64.4375,high
R08-M6,R08,mutant,drop_one_obligation,drop_one_obligation,"['R08-O1', 'R08-O3', 'R08-O4', 'R08-O5']",['R08-O2'],['supervised by PI'],0.8,1,2000,1955,45,0.9775,45,0,45,"{'user': {'role': 'trainee', 'clearance': 5, 'training_completed': True, 'approval_active': True, 'approval_expired': True, 'supervised_by_pi': False}, 'record': {'risk_level': 1, 'anonymized': True, 'sensitive': False}, 'context': {'emergency': False, 'logged': False}}",0.007712499995250255,3.6999990697950125e-05,2560,0,0.0,,"{'clearance_monotonicity': {'checked': 855, 'violations': 0}, 'risk_monotonicity': {'checked': 831, 'violations': 0}, 'expiration_safety': {'checked': 490, 'violations': 0}, 'external_anonymization_relaxation': {'checked': 119, 'violations': 0}, 'emergency_logging_safety': {'checked': 265, 'violations': 0}}",True,"{'user': {'role': 'trainee', 'clearance': 0, 'training_completed': True, 'approval_active': True, 'approval_expired': False, 'supervised_by_pi': False}, 'record': {'risk_level': 0, 'anonymized': False, 'sensitive': False}, 'context': {'emergency': False, 'logged': False}}",0.0019936000026063994,1.0,0.0,0.0,64.4375,high
R07-C1,R07,candidate,missing key obligation,missing_obligation,"['R07-O1', 'R07-O3', 'R07-O4', 'R07-O5']",['R07-O2'],['PI only'],0.8,1,2000,1967,33,0.9835,33,0,33,"{'user': {'role': 'researcher', 'clearance': 5, 'training_completed': True, 'approval_active': False, 'approval_expired': True, 'supervised_by_pi': False}, 'record': {'risk_level': 4, 'anonymized': True, 'sensitive': True}, 'context': {'emergency': True, 'logged': True}}",0.007993699997314252,0.0001436000020476058,2535,12,0.004733727810650888,"{'relation': 'risk_monotonicity', 'base_input': {'user': {'role': 'external', 'clearance': 5, 'training_completed': True, 'approval_active': True, 'approval_expired': False, 'supervised_by_pi': False}, 'record': {'risk_level': 3, 'anonymized': True, 'sensitive': False}, 'context': {'emergency': False, 'logged': True}}, 'follow_up_input': {'user': {'role': 'external', 'clearance': 5, 'training_completed': True, 'approval_active': True, 'approval_expired': False, 'supervised_by_pi': False}, 'record': {'risk_level': 4, 'anonymized': True, 'sensitive': False}, 'context': {'emergency': False, 'logged': True}}, 'base_output': False, 'follow_up_output': True}","{'clearance_monotonicity': {'checked': 834, 'violations': 0}, 'risk_monotonicity': {'checked': 842, 'violations': 12}, 'expiration_safety': {'checked': 472, 'violations': 0}, 'external_anonymization_relaxation': {'checked': 136, 'violations': 0}, 'emergency_logging_safety': {'checked': 251, 'violations': 0}}",True,"{'user': {'role': 'researcher', 'clearance': 4, 'training_completed': True, 'approval_active': False, 'approval_expired': False, 'supervised_by_pi': False}, 'record': {'risk_level': 4, 'anonymized': False, 'sensitive': False}, 'context': {'emergency': False, 'logged': True}}",0.001977799998712726,0.9952662721893492,0.0,0.0,64.49282544378698,high
R05-C1,R05,candidate,missing key obligation,missing_obligation,"['R05-O1', 'R05-O3', 'R05-O4', 'R05-O5']",['R05-O2'],['record anonymized'],0.8,1,2000,1963,37,0.9815,37,0,37,"{'user': {'role': 'external', 'clearance': 4, 'training_completed': True, 'approval_active': False, 'approval_expired': True, 'supervised_by_pi': True}, 'record': {'risk_level': 2, 'anonymized': False, 'sensitive': False}, 'context': {'emergency': False, 'logged': True}}",0.007840100006433204,0.00014620000729337335,2497,0,0.0,,"{'clearance_monotonicity': {'checked': 824, 'violations': 0}, 'risk_monotonicity': {'checked': 814, 'violations': 0}, 'expiration_safety': {'checked': 481, 'violations': 0}, 'external_anonymization_relaxation': {'checked': 129, 'violations': 0}, 'emergency_logging_safety': {'checked': 249, 'violations': 0}}",True,"{'user': {'role': 'external', 'clearance': 0, 'training_completed': False, 'approval_active': False, 'approval_expired': False, 'supervised_by_pi': False}, 'record': {'risk_level': 0, 'anonymized': False, 'sensitive': False}, 'context': {'emergency': False, 'logged': True}}",0.0020692999969469383,1.0,0.0,0.0,64.5375,high
R01-C2,R01,candidate,wrong comparator or polarity,wrong_comparator,"['R01-O2', 'R01-O3']",['R01-O1'],['clearance at least risk'],0.6666666666666666,1,2000,1913,87,0.9565,0,87,0,"{'user': {'role': 'external', 'clearance': 3, 'training_completed': True, 'approval_active': True, 'approval_expired': True, 'supervised_by_pi': False}, 'record': {'risk_level': 3, 'anonymized': False, 'sensitive': True}, 'context': {'emergency': True, 'logged': False}}",0.009022800004458986,6.649999704677612e-05,2538,0,0.0,,"{'clearance_monotonicity': {'checked': 833, 'violations': 0}, 'risk_monotonicity': {'checked': 825, 'violations': 0}, 'expiration_safety': {'checked': 503, 'violations': 0}, 'external_anonymization_relaxation': {'checked': 134, 'violations': 0}, 'emergency_logging_safety': {'checked': 243, 'violations': 0}}",True,"{'user': {'role': 'PI', 'clearance': 0, 'training_completed': True, 'approval_active': True, 'approval_expired': False, 'supervised_by_pi': False}, 'record': {'risk_level': 0, 'anonymized': False, 'sensitive': False}, 'context': {'emergency': False, 'logged': False}}",0.002546600007917732,1.0,1.0,0.0,80.57916666666667,high
R01-M2,R01,mutant,flip_comparator,flip_comparator,"['R01-O2', 'R01-O3']",['R01-O1'],['clearance at least risk'],0.6666666666666666,1,2000,1913,87,0.9565,0,87,0,"{'user': {'role': 'external', 'clearance': 3, 'training_completed': True, 'approval_active': True, 'approval_expired': True, 'supervised_by_pi': False}, 'record': {'risk_level': 3, 'anonymized': False, 'sensitive': True}, 'context': {'emergency': True, 'logged': False}}",0.00914819999889005,6.0399994254112244e-05,2538,0,0.0,,"{'clearance_monotonicity': {'checked': 833, 'violations': 0}, 'risk_monotonicity': {'checked': 825, 'violations': 0}, 'expiration_safety': {'checked': 503, 'violations': 0}, 'external_anonymization_relaxation': {'checked': 134, 'violations': 0}, 'emergency_logging_safety': {'checked': 243, 'violations': 0}}",True,"{'user': {'role': 'PI', 'clearance': 0, 'training_completed': True, 'approval_active': True, 'approval_expired': False, 'supervised_by_pi': False}, 'record': {'risk_level': 0, 'anonymized': False, 'sensitive': False}, 'context': {'emergency': False, 'logged': False}}",0.0019083999941358343,1.0,1.0,0.0,80.57916666666667,high
R10-C1,R10,candidate,missing key obligation,missing_obligation,"['R10-O1', 'R10-O3', 'R10-O4', 'R10-O5']",['R10-O2'],['clearance at least risk'],0.8,1,2000,1827,173,0.9135,0,173,0,"{'user': {'role': 'PI', 'clearance': 0, 'training_completed': False, 'approval_active': False, 'approval_expired': True, 'supervised_by_pi': True}, 'record': {'risk_level': 0, 'anonymized': True, 'sensitive': False}, 'context': {'emergency': True, 'logged': True}}",0.013751099992077798,3.7999998312443495e-05,2539,0,0.0,,"{'clearance_monotonicity': {'checked': 819, 'violations': 0}, 'risk_monotonicity': {'checked': 836, 'violations': 0}, 'expiration_safety': {'checked': 511, 'violations': 0}, 'external_anonymization_relaxation': {'checked': 120, 'violations': 0}, 'emergency_logging_safety': {'checked': 253, 'violations': 0}}",True,"{'user': {'role': 'PI', 'clearance': 2, 'training_completed': True, 'approval_active': True, 'approval_expired': False, 'supervised_by_pi': False}, 'record': {'risk_level': 2, 'anonymized': False, 'sensitive': False}, 'context': {'emergency': False, 'logged': True}}",0.002190199986216612,1.0,1.0,0.0,82.8375,high
R07-C3,R07,candidate,unnecessary PI-only restriction,extra_restriction,"['R07-O1', 'R07-O2', 'R07-O3', 'R07-O4', 'R07-O5']",[],[],1.0,0,2000,2000,0,1.0,0,0,0,,0.007441199995810166,,2535,0,0.0,,"{'clearance_monotonicity': {'checked': 834, 'violations': 0}, 'risk_monotonicity': {'checked': 842, 'violations': 0}, 'expiration_safety': {'checked': 472, 'violations': 0}, 'external_anonymization_relaxation': {'checked': 136, 'violations': 0}, 'emergency_logging_safety': {'checked': 251, 'violations': 0}}",False,,0.0008951999916462228,1.0,1.0,1.0,100.0,low
R06-C2,R06,candidate,wrong comparator or polarity,wrong_comparator,"['R06-O2', 'R06-O3', 'R06-O4']",['R06-O1'],['emergency context'],0.75,0,2000,1664,336,0.832,156,180,0,"{'user': {'role': 'PI', 'clearance': 5, 'training_completed': True, 'approval_active': False, 'approval_expired': False, 'supervised_by_pi': True}, 'record': {'risk_level': 5, 'anonymized': True, 'sensitive': True}, 'context': {'emergency': True, 'logged': True}}",0.01027060000342317,2.0700012100860476e-05,2557,0,0.0,,"{'clearance_monotonicity': {'checked': 822, 'violations': 0}, 'risk_monotonicity': {'checked': 834, 'violations': 0}, 'expiration_safety': {'checked': 511, 'violations': 0}, 'external_anonymization_relaxation': {'checked': 136, 'violations': 0}, 'emergency_logging_safety': {'checked': 254, 'violations': 0}}",True,"{'user': {'role': 'PI', 'clearance': 0, 'training_completed': False, 'approval_active': False, 'approval_expired': False, 'supervised_by_pi': False}, 'record': {'risk_level': 0, 'anonymized': False, 'sensitive': False}, 'context': {'emergency': False, 'logged': True}}",0.002265499992063269,1.0,1.0,0.0,79.55,medium
R06-M2,R06,mutant,flip_comparator,flip_comparator,"['R06-O2', 'R06-O3', 'R06-O4']",['R06-O1'],['emergency context'],0.75,0,2000,1664,336,0.832,156,180,0,"{'user': {'role': 'PI', 'clearance': 5, 'training_completed': True, 'approval_active': False, 'approval_expired': False, 'supervised_by_pi': True}, 'record': {'risk_level': 5, 'anonymized': True, 'sensitive': True}, 'context': {'emergency': True, 'logged': True}}",0.01042520000191871,2.3100001271814108e-05,2557,0,0.0,,"{'clearance_monotonicity': {'checked': 822, 'violations': 0}, 'risk_monotonicity': {'checked': 834, 'violations': 0}, 'expiration_safety': {'checked': 511, 'violations': 0}, 'external_anonymization_relaxation': {'checked': 136, 'violations': 0}, 'emergency_logging_safety': {'checked': 254, 'violations': 0}}",True,"{'user': {'role': 'PI', 'clearance': 0, 'training_completed': False, 'approval_active': False, 'approval_expired': False, 'supervised_by_pi': False}, 'record': {'risk_level': 0, 'anonymized': False, 'sensitive': False}, 'context': {'emergency': False, 'logged': True}}",0.0023148000036599115,1.0,1.0,0.0,79.55,medium
R06-M4,R06,mutant,negate_boolean_condition,negate_boolean_condition,"['R06-O2', 'R06-O3', 'R06-O4']",['R06-O1'],['emergency context'],0.75,0,2000,1664,336,0.832,156,180,0,"{'user': {'role': 'PI', 'clearance': 5, 'training_completed': True, 'approval_active': False, 'approval_expired': False, 'supervised_by_pi': True}, 'record': {'risk_level': 5, 'anonymized': True, 'sensitive': True}, 'context': {'emergency': True, 'logged': True}}",0.01010159999714233,2.579999272711575e-05,2557,0,0.0,,"{'clearance_monotonicity': {'checked': 822, 'violations': 0}, 'risk_monotonicity': {'checked': 834, 'violations': 0}, 'expiration_safety': {'checked': 511, 'violations': 0}, 'external_anonymization_relaxation': {'checked': 136, 'violations': 0}, 'emergency_logging_safety': {'checked': 254, 'violations': 0}}",True,"{'user': {'role': 'PI', 'clearance': 0, 'training_completed': False, 'approval_active': False, 'approval_expired': False, 'supervised_by_pi': False}, 'record': {'risk_level': 0, 'anonymized': False, 'sensitive': False}, 'context': {'emergency': False, 'logged': True}}",0.0021055999968666583,1.0,1.0,0.0,79.55,medium
R04-C2,R04,candidate,wrong comparator or polarity,wrong_comparator,"['R04-O2', 'R04-O3', 'R04-O4']",['R04-O1'],['approval active'],0.75,0,2000,1729,271,0.8645,138,133,0,"{'user': {'role': 'trainee', 'clearance': 1, 'training_completed': False, 'approval_active': True, 'approval_expired': False, 'supervised_by_pi': False}, 'record': {'risk_level': 0, 'anonymized': False, 'sensitive': False}, 'context': {'emergency': True, 'logged': True}}",0.009366700003738515,3.310000465717167e-05,2532,0,0.0,,"{'clearance_monotonicity': {'checked': 858, 'violations': 0}, 'risk_monotonicity': {'checked': 826, 'violations': 0}, 'expiration_safety': {'checked': 469, 'violations': 0}, 'external_anonymization_relaxation': {'checked': 154, 'violations': 0}, 'emergency_logging_safety': {'checked': 225, 'violations': 0}}",True,"{'user': {'role': 'PI', 'clearance': 0, 'training_completed': False, 'approval_active': False, 'approval_expired': False, 'supervised_by_pi': False}, 'record': {'risk_level': 0, 'anonymized': False, 'sensitive': False}, 'context': {'emergency': False, 'logged': True}}",0.001962099995580502,1.0,1.0,0.0,80.3625,medium
R04-M2,R04,mutant,flip_comparator,flip_comparator,"['R04-O2', 'R04-O3', 'R04-O4']",['R04-O1'],['approval active'],0.75,0,2000,1729,271,0.8645,138,133,0,"{'user': {'role': 'trainee', 'clearance': 1, 'training_completed': False, 'approval_active': True, 'approval_expired': False, 'supervised_by_pi': False}, 'record': {'risk_level': 0, 'anonymized': False, 'sensitive': False}, 'context': {'emergency': True, 'logged': True}}",0.009003899991512299,2.7000001864507794e-05,2532,0,0.0,,"{'clearance_monotonicity': {'checked': 858, 'violations': 0}, 'risk_monotonicity': {'checked': 826, 'violations': 0}, 'expiration_safety': {'checked': 469, 'violations': 0}, 'external_anonymization_relaxation': {'checked': 154, 'violations': 0}, 'emergency_logging_safety': {'checked': 225, 'violations': 0}}",True,"{'user': {'role': 'PI', 'clearance': 0, 'training_completed': False, 'approval_active': False, 'approval_expired': False, 'supervised_by_pi': False}, 'record': {'risk_level': 0, 'anonymized': False, 'sensitive': False}, 'context': {'emergency': False, 'logged': True}}",0.002043000000412576,1.0,1.0,0.0,80.3625,medium
R04-M4,R04,mutant,negate_boolean_condition,negate_boolean_condition,"['R04-O2', 'R04-O3', 'R04-O4']",['R04-O1'],['approval active'],0.75,0,2000,1729,271,0.8645,138,133,0,"{'user': {'role': 'trainee', 'clearance': 1, 'training_completed': False, 'approval_active': True, 'approval_expired': False, 'supervised_by_pi': False}, 'record': {'risk_level': 0, 'anonymized': False, 'sensitive': False}, 'context': {'emergency': True, 'logged': True}}",0.008866900010616519,3.2199997804127634e-05,2532,0,0.0,,"{'clearance_monotonicity': {'checked': 858, 'violations': 0}, 'risk_monotonicity': {'checked': 826, 'violations': 0}, 'expiration_safety': {'checked': 469, 'violations': 0}, 'external_anonymization_relaxation': {'checked': 154, 'violations': 0}, 'emergency_logging_safety': {'checked': 225, 'violations': 0}}",True,"{'user': {'role': 'PI', 'clearance': 0, 'training_completed': False, 'approval_active': False, 'approval_expired': False, 'supervised_by_pi': False}, 'record': {'risk_level': 0, 'anonymized': False, 'sensitive': False}, 'context': {'emergency': False, 'logged': True}}",0.001999100000830367,1.0,1.0,0.0,80.3625,medium
R06-M1,R06,mutant,drop_one_obligation,drop_one_obligation,"['R06-O2', 'R06-O3', 'R06-O4']",['R06-O1'],['emergency context'],0.75,0,2000,1844,156,0.922,156,0,0,"{'user': {'role': 'PI', 'clearance': 4, 'training_completed': False, 'approval_active': True, 'approval_expired': False, 'supervised_by_pi': False}, 'record': {'risk_level': 5, 'anonymized': False, 'sensitive': False}, 'context': {'emergency': False, 'logged': True}}",0.010797299997648224,5.289999535307288e-05,2557,0,0.0,,"{'clearance_monotonicity': {'checked': 822, 'violations': 0}, 'risk_monotonicity': {'checked': 834, 'violations': 0}, 'expiration_safety': {'checked': 511, 'violations': 0}, 'external_anonymization_relaxation': {'checked': 136, 'violations': 0}, 'emergency_logging_safety': {'checked': 254, 'violations': 0}}",True,"{'user': {'role': 'PI', 'clearance': 0, 'training_completed': False, 'approval_active': False, 'approval_expired': False, 'supervised_by_pi': False}, 'record': {'risk_level': 0, 'anonymized': False, 'sensitive': False}, 'context': {'emergency': False, 'logged': True}}",0.002020300002186559,1.0,1.0,0.0,81.8,medium
R04-M1,R04,mutant,drop_one_obligation,drop_one_obligation,"['R04-O2', 'R04-O3', 'R04-O4']",['R04-O1'],['approval active'],0.75,0,2000,1862,138,0.931,138,0,0,"{'user': {'role': 'trainee', 'clearance': 2, 'training_completed': True, 'approval_active': False, 'approval_expired': False, 'supervised_by_pi': True}, 'record': {'risk_level': 1, 'anonymized': True, 'sensitive': True}, 'context': {'emergency': False, 'logged': True}}",0.009118300004047342,0.00013719999697059393,2532,0,0.0,,"{'clearance_monotonicity': {'checked': 858, 'violations': 0}, 'risk_monotonicity': {'checked': 826, 'violations': 0}, 'expiration_safety': {'checked': 469, 'violations': 0}, 'external_anonymization_relaxation': {'checked': 154, 'violations': 0}, 'emergency_logging_safety': {'checked': 225, 'violations': 0}}",True,"{'user': {'role': 'PI', 'clearance': 0, 'training_completed': False, 'approval_active': False, 'approval_expired': False, 'supervised_by_pi': False}, 'record': {'risk_level': 0, 'anonymized': False, 'sensitive': False}, 'context': {'emergency': False, 'logged': True}}",0.001884900004370138,1.0,1.0,0.0,82.025,medium
R08-C2,R08,candidate,wrong comparator or polarity,wrong_comparator,"['R08-O2', 'R08-O3', 'R08-O4', 'R08-O5']",['R08-O1'],['trainee role'],0.8,0,2000,1857,143,0.9285,110,33,0,"{'user': {'role': 'trainee', 'clearance': 4, 'training_completed': True, 'approval_active': True, 'approval_expired': True, 'supervised_by_pi': True}, 'record': {'risk_level': 0, 'anonymized': False, 'sensitive': True}, 'context': {'emergency': True, 'logged': False}}",0.009865200001513585,9.210000280290842e-05,2560,0,0.0,,"{'clearance_monotonicity': {'checked': 855, 'violations': 0}, 'risk_monotonicity': {'checked': 831, 'violations': 0}, 'expiration_safety': {'checked': 490, 'violations': 0}, 'external_anonymization_relaxation': {'checked': 119, 'violations': 0}, 'emergency_logging_safety': {'checked': 265, 'violations': 0}}",True,"{'user': {'role': 'PI', 'clearance': 0, 'training_completed': True, 'approval_active': True, 'approval_expired': False, 'supervised_by_pi': True}, 'record': {'risk_level': 0, 'anonymized': False, 'sensitive': False}, 'context': {'emergency': False, 'logged': False}}",0.0020666000054916367,1.0,1.0,0.0,83.2125,medium
R08-M2,R08,mutant,flip_comparator,flip_comparator,"['R08-O2', 'R08-O3', 'R08-O4', 'R08-O5']",['R08-O1'],['trainee role'],0.8,0,2000,1857,143,0.9285,110,33,0,"{'user': {'role': 'trainee', 'clearance': 4, 'training_completed': True, 'approval_active': True, 'approval_expired': True, 'supervised_by_pi': True}, 'record': {'risk_level': 0, 'anonymized': False, 'sensitive': True}, 'context': {'emergency': True, 'logged': False}}",0.009862000006251037,9.159999899566174e-05,2560,0,0.0,,"{'clearance_monotonicity': {'checked': 855, 'violations': 0}, 'risk_monotonicity': {'checked': 831, 'violations': 0}, 'expiration_safety': {'checked': 490, 'violations': 0}, 'external_anonymization_relaxation': {'checked': 119, 'violations': 0}, 'emergency_logging_safety': {'checked': 265, 'violations': 0}}",True,"{'user': {'role': 'PI', 'clearance': 0, 'training_completed': True, 'approval_active': True, 'approval_expired': False, 'supervised_by_pi': True}, 'record': {'risk_level': 0, 'anonymized': False, 'sensitive': False}, 'context': {'emergency': False, 'logged': False}}",0.0021309000003384426,1.0,1.0,0.0,83.2125,medium
R09-C2,R09,candidate,wrong comparator or polarity,wrong_comparator,"['R09-O2', 'R09-O3', 'R09-O4', 'R09-O5']",['R09-O1'],['sensitive record'],0.8,0,2000,1868,132,0.934,52,80,0,"{'user': {'role': 'researcher', 'clearance': 1, 'training_completed': True, 'approval_active': False, 'approval_expired': True, 'supervised_by_pi': False}, 'record': {'risk_level': 0, 'anonymized': True, 'sensitive': True}, 'context': {'emergency': False, 'logged': True}}",0.012155400007031858,4.16000111727044e-05,2579,0,0.0,,"{'clearance_monotonicity': {'checked': 822, 'violations': 0}, 'risk_monotonicity': {'checked': 841, 'violations': 0}, 'expiration_safety': {'checked': 531, 'violations': 0}, 'external_anonymization_relaxation': {'checked': 131, 'violations': 0}, 'emergency_logging_safety': {'checked': 254, 'violations': 0}}",True,"{'user': {'role': 'PI', 'clearance': 0, 'training_completed': True, 'approval_active': False, 'approval_expired': False, 'supervised_by_pi': False}, 'record': {'risk_level': 0, 'anonymized': False, 'sensitive': False}, 'context': {'emergency': False, 'logged': True}}",0.0025560000067343935,1.0,1.0,0.0,83.35,medium
R09-M2,R09,mutant,flip_comparator,flip_comparator,"['R09-O2', 'R09-O3', 'R09-O4', 'R09-O5']",['R09-O1'],['sensitive record'],0.8,0,2000,1868,132,0.934,52,80,0,"{'user': {'role': 'researcher', 'clearance': 1, 'training_completed': True, 'approval_active': False, 'approval_expired': True, 'supervised_by_pi': False}, 'record': {'risk_level': 0, 'anonymized': True, 'sensitive': True}, 'context': {'emergency': False, 'logged': True}}",0.012492999987443909,4.769999941345304e-05,2579,0,0.0,,"{'clearance_monotonicity': {'checked': 822, 'violations': 0}, 'risk_monotonicity': {'checked': 841, 'violations': 0}, 'expiration_safety': {'checked': 531, 'violations': 0}, 'external_anonymization_relaxation': {'checked': 131, 'violations': 0}, 'emergency_logging_safety': {'checked': 254, 'violations': 0}}",True,"{'user': {'role': 'PI', 'clearance': 0, 'training_completed': True, 'approval_active': False, 'approval_expired': False, 'supervised_by_pi': False}, 'record': {'risk_level': 0, 'anonymized': False, 'sensitive': False}, 'context': {'emergency': False, 'logged': True}}",0.0020797000033780932,1.0,1.0,0.0,83.35,medium
R09-M4,R09,mutant,negate_boolean_condition,negate_boolean_condition,"['R09-O2', 'R09-O3', 'R09-O4', 'R09-O5']",['R09-O1'],['sensitive record'],0.8,0,2000,1868,132,0.934,52,80,0,"{'user': {'role': 'researcher', 'clearance': 1, 'training_completed': True, 'approval_active': False, 'approval_expired': True, 'supervised_by_pi': False}, 'record': {'risk_level': 0, 'anonymized': True, 'sensitive': True}, 'context': {'emergency': False, 'logged': True}}",0.013481999994837679,4.4200001866556704e-05,2579,0,0.0,,"{'clearance_monotonicity': {'checked': 822, 'violations': 0}, 'risk_monotonicity': {'checked': 841, 'violations': 0}, 'expiration_safety': {'checked': 531, 'violations': 0}, 'external_anonymization_relaxation': {'checked': 131, 'violations': 0}, 'emergency_logging_safety': {'checked': 254, 'violations': 0}}",True,"{'user': {'role': 'PI', 'clearance': 0, 'training_completed': True, 'approval_active': False, 'approval_expired': False, 'supervised_by_pi': False}, 'record': {'risk_level': 0, 'anonymized': False, 'sensitive': False}, 'context': {'emergency': False, 'logged': True}}",0.002100300000165589,1.0,1.0,0.0,83.35,medium
R10-M1,R10,mutant,drop_one_obligation,drop_one_obligation,"['R10-O2', 'R10-O3', 'R10-O4', 'R10-O5']",['R10-O1'],['low risk exception'],0.8,0,2000,1879,121,0.9395,0,121,0,"{'user': {'role': 'PI', 'clearance': 0, 'training_completed': False, 'approval_active': False, 'approval_expired': True, 'supervised_by_pi': True}, 'record': {'risk_level': 0, 'anonymized': True, 'sensitive': False}, 'context': {'emergency': True, 'logged': True}}",0.015131099993595853,4.020000051241368e-05,2539,0,0.0,,"{'clearance_monotonicity': {'checked': 819, 'violations': 0}, 'risk_monotonicity': {'checked': 836, 'violations': 0}, 'expiration_safety': {'checked': 511, 'violations': 0}, 'external_anonymization_relaxation': {'checked': 120, 'violations': 0}, 'emergency_logging_safety': {'checked': 253, 'violations': 0}}",True,"{'user': {'role': 'PI', 'clearance': 0, 'training_completed': True, 'approval_active': True, 'approval_expired': False, 'supervised_by_pi': False}, 'record': {'risk_level': 1, 'anonymized': False, 'sensitive': False}, 'context': {'emergency': False, 'logged': True}}",0.0024031999928411096,1.0,1.0,0.0,83.4875,medium
R05-C2,R05,candidate,wrong comparator or polarity,wrong_comparator,"['R05-O2', 'R05-O3', 'R05-O4', 'R05-O5']",['R05-O1'],['external role'],0.8,0,2000,1886,114,0.943,84,30,0,"{'user': {'role': 'trainee', 'clearance': 1, 'training_completed': False, 'approval_active': False, 'approval_expired': False, 'supervised_by_pi': True}, 'record': {'risk_level': 1, 'anonymized': True, 'sensitive': False}, 'context': {'emergency': False, 'logged': True}}",0.009494999991147779,4.749999789055437e-05,2497,0,0.0,,"{'clearance_monotonicity': {'checked': 824, 'violations': 0}, 'risk_monotonicity': {'checked': 814, 'violations': 0}, 'expiration_safety': {'checked': 481, 'violations': 0}, 'external_anonymization_relaxation': {'checked': 129, 'violations': 0}, 'emergency_logging_safety': {'checked': 249, 'violations': 0}}",True,"{'user': {'role': 'PI', 'clearance': 0, 'training_completed': False, 'approval_active': False, 'approval_expired': False, 'supervised_by_pi': False}, 'record': {'risk_level': 0, 'anonymized': True, 'sensitive': False}, 'context': {'emergency': False, 'logged': True}}",0.0020512999908532947,1.0,1.0,0.0,83.575,medium
R05-M2,R05,mutant,flip_comparator,flip_comparator,"['R05-O2', 'R05-O3', 'R05-O4', 'R05-O5']",['R05-O1'],['external role'],0.8,0,2000,1886,114,0.943,84,30,0,"{'user': {'role': 'trainee', 'clearance': 1, 'training_completed': False, 'approval_active': False, 'approval_expired': False, 'supervised_by_pi': True}, 'record': {'risk_level': 1, 'anonymized': True, 'sensitive': False}, 'context': {'emergency': False, 'logged': True}}",0.009672499989392236,5.6599994422867894e-05,2497,0,0.0,,"{'clearance_monotonicity': {'checked': 824, 'violations': 0}, 'risk_monotonicity': {'checked': 814, 'violations': 0}, 'expiration_safety': {'checked': 481, 'violations': 0}, 'external_anonymization_relaxation': {'checked': 129, 'violations': 0}, 'emergency_logging_safety': {'checked': 249, 'violations': 0}}",True,"{'user': {'role': 'PI', 'clearance': 0, 'training_completed': False, 'approval_active': False, 'approval_expired': False, 'supervised_by_pi': False}, 'record': {'risk_level': 0, 'anonymized': True, 'sensitive': False}, 'context': {'emergency': False, 'logged': True}}",0.0020315000001573935,1.0,1.0,0.0,83.575,medium
R08-M1,R08,mutant,drop_one_obligation,drop_one_obligation,"['R08-O2', 'R08-O3', 'R08-O4', 'R08-O5']",['R08-O1'],['trainee role'],0.8,0,2000,1890,110,0.945,110,0,0,"{'user': {'role': 'PI', 'clearance': 1, 'training_completed': True, 'approval_active': True, 'approval_expired': True, 'supervised_by_pi': True}, 'record': {'risk_level': 0, 'anonymized': False, 'sensitive': False}, 'context': {'emergency': True, 'logged': False}}",0.008957700003520586,0.00013600000238511711,2560,0,0.0,,"{'clearance_monotonicity': {'checked': 855, 'violations': 0}, 'risk_monotonicity': {'checked': 831, 'violations': 0}, 'expiration_safety': {'checked': 490, 'violations': 0}, 'external_anonymization_relaxation': {'checked': 119, 'violations': 0}, 'emergency_logging_safety': {'checked': 265, 'violations': 0}}",True,"{'user': {'role': 'PI', 'clearance': 0, 'training_completed': True, 'approval_active': True, 'approval_expired': False, 'supervised_by_pi': True}, 'record': {'risk_level': 0, 'anonymized': False, 'sensitive': False}, 'context': {'emergency': False, 'logged': False}}",0.0019820000015897676,1.0,1.0,0.0,83.625,medium
R05-M1,R05,mutant,drop_one_obligation,drop_one_obligation,"['R05-O2', 'R05-O3', 'R05-O4', 'R05-O5']",['R05-O1'],['external role'],0.8,0,2000,1916,84,0.958,84,0,0,"{'user': {'role': 'trainee', 'clearance': 1, 'training_completed': False, 'approval_active': False, 'approval_expired': False, 'supervised_by_pi': True}, 'record': {'risk_level': 1, 'anonymized': True, 'sensitive': False}, 'context': {'emergency': False, 'logged': True}}",0.008598100001108833,4.159999662078917e-05,2497,0,0.0,,"{'clearance_monotonicity': {'checked': 824, 'violations': 0}, 'risk_monotonicity': {'checked': 814, 'violations': 0}, 'expiration_safety': {'checked': 481, 'violations': 0}, 'external_anonymization_relaxation': {'checked': 129, 'violations': 0}, 'emergency_logging_safety': {'checked': 249, 'violations': 0}}",True,"{'user': {'role': 'PI', 'clearance': 0, 'training_completed': False, 'approval_active': False, 'approval_expired': False, 'supervised_by_pi': False}, 'record': {'risk_level': 0, 'anonymized': True, 'sensitive': False}, 'context': {'emergency': False, 'logged': True}}",0.0019850999960908666,1.0,1.0,0.0,83.95,medium
R10-C2,R10,candidate,wrong comparator or polarity,wrong_comparator,"['R10-O2', 'R10-O3', 'R10-O4', 'R10-O5']",['R10-O1'],['low risk exception'],0.8,0,2000,1932,68,0.966,0,68,0,"{'user': {'role': 'external', 'clearance': 1, 'training_completed': False, 'approval_active': True, 'approval_expired': True, 'supervised_by_pi': True}, 'record': {'risk_level': 1, 'anonymized': True, 'sensitive': False}, 'context': {'emergency': False, 'logged': True}}",0.0183956999971997,0.0005296999879647046,2539,0,0.0,,"{'clearance_monotonicity': {'checked': 819, 'violations': 0}, 'risk_monotonicity': {'checked': 836, 'violations': 0}, 'expiration_safety': {'checked': 511, 'violations': 0}, 'external_anonymization_relaxation': {'checked': 120, 'violations': 0}, 'emergency_logging_safety': {'checked': 253, 'violations': 0}}",True,"{'user': {'role': 'PI', 'clearance': 0, 'training_completed': True, 'approval_active': True, 'approval_expired': False, 'supervised_by_pi': False}, 'record': {'risk_level': 1, 'anonymized': False, 'sensitive': False}, 'context': {'emergency': False, 'logged': True}}",0.0021797999943373725,1.0,1.0,0.0,84.15,medium
R10-M2,R10,mutant,flip_comparator,flip_comparator,"['R10-O2', 'R10-O3', 'R10-O4', 'R10-O5']",['R10-O1'],['low risk exception'],0.8,0,2000,1932,68,0.966,0,68,0,"{'user': {'role': 'external', 'clearance': 1, 'training_completed': False, 'approval_active': True, 'approval_expired': True, 'supervised_by_pi': True}, 'record': {'risk_level': 1, 'anonymized': True, 'sensitive': False}, 'context': {'emergency': False, 'logged': True}}",0.018303300006664358,0.0005096000095363706,2539,0,0.0,,"{'clearance_monotonicity': {'checked': 819, 'violations': 0}, 'risk_monotonicity': {'checked': 836, 'violations': 0}, 'expiration_safety': {'checked': 511, 'violations': 0}, 'external_anonymization_relaxation': {'checked': 120, 'violations': 0}, 'emergency_logging_safety': {'checked': 253, 'violations': 0}}",True,"{'user': {'role': 'PI', 'clearance': 0, 'training_completed': True, 'approval_active': True, 'approval_expired': False, 'supervised_by_pi': False}, 'record': {'risk_level': 1, 'anonymized': False, 'sensitive': False}, 'context': {'emergency': False, 'logged': True}}",0.0024138999870046973,1.0,1.0,0.0,84.15,medium
R09-M6,R09,mutant,drop_logging_or_expiration_if_present,drop_logging_or_expiration_if_present,"['R09-O1', 'R09-O2', 'R09-O3', 'R09-O4']",['R09-O5'],['access logged'],0.8,0,2000,1938,62,0.969,62,0,0,"{'user': {'role': 'PI', 'clearance': 5, 'training_completed': True, 'approval_active': False, 'approval_expired': False, 'supervised_by_pi': True}, 'record': {'risk_level': 1, 'anonymized': False, 'sensitive': True}, 'context': {'emergency': True, 'logged': False}}",0.011873600000399165,0.0002931000053649768,2579,0,0.0,,"{'clearance_monotonicity': {'checked': 822, 'violations': 0}, 'risk_monotonicity': {'checked': 841, 'violations': 0}, 'expiration_safety': {'checked': 531, 'violations': 0}, 'external_anonymization_relaxation': {'checked': 131, 'violations': 0}, 'emergency_logging_safety': {'checked': 254, 'violations': 0}}",True,"{'user': {'role': 'PI', 'clearance': 0, 'training_completed': True, 'approval_active': False, 'approval_expired': False, 'supervised_by_pi': False}, 'record': {'risk_level': 0, 'anonymized': False, 'sensitive': True}, 'context': {'emergency': False, 'logged': False}}",0.00210309999238234,1.0,1.0,0.0,84.225,medium
R09-M1,R09,mutant,drop_one_obligation,drop_one_obligation,"['R09-O2', 'R09-O3', 'R09-O4', 'R09-O5']",['R09-O1'],['sensitive record'],0.8,0,2000,1948,52,0.974,52,0,0,"{'user': {'role': 'researcher', 'clearance': 4, 'training_completed': True, 'approval_active': False, 'approval_expired': True, 'supervised_by_pi': False}, 'record': {'risk_level': 1, 'anonymized': False, 'sensitive': False}, 'context': {'emergency': True, 'logged': True}}",0.013133100001141429,8.3099992480129e-05,2579,0,0.0,,"{'clearance_monotonicity': {'checked': 822, 'violations': 0}, 'risk_monotonicity': {'checked': 841, 'violations': 0}, 'expiration_safety': {'checked': 531, 'violations': 0}, 'external_anonymization_relaxation': {'checked': 131, 'violations': 0}, 'emergency_logging_safety': {'checked': 254, 'violations': 0}}",True,"{'user': {'role': 'PI', 'clearance': 0, 'training_completed': True, 'approval_active': False, 'approval_expired': False, 'supervised_by_pi': False}, 'record': {'risk_level': 0, 'anonymized': False, 'sensitive': False}, 'context': {'emergency': False, 'logged': True}}",0.002093100003548898,1.0,1.0,0.0,84.35,medium
R07-M1,R07,mutant,drop_one_obligation,drop_one_obligation,"['R07-O2', 'R07-O3', 'R07-O4', 'R07-O5']",['R07-O1'],['high risk record'],0.8,0,2000,1951,49,0.9755,49,0,0,"{'user': {'role': 'PI', 'clearance': 3, 'training_completed': True, 'approval_active': False, 'approval_expired': False, 'supervised_by_pi': False}, 'record': {'risk_level': 2, 'anonymized': False, 'sensitive': False}, 'context': {'emergency': False, 'logged': True}}",0.008093399999779649,8.719999459572136e-05,2535,0,0.0,,"{'clearance_monotonicity': {'checked': 834, 'violations': 0}, 'risk_monotonicity': {'checked': 842, 'violations': 0}, 'expiration_safety': {'checked': 472, 'violations': 0}, 'external_anonymization_relaxation': {'checked': 136, 'violations': 0}, 'emergency_logging_safety': {'checked': 251, 'violations': 0}}",True,"{'user': {'role': 'PI', 'clearance': 0, 'training_completed': True, 'approval_active': False, 'approval_expired': False, 'supervised_by_pi': False}, 'record': {'risk_level': 0, 'anonymized': False, 'sensitive': False}, 'context': {'emergency': False, 'logged': True}}",0.002294699996127747,1.0,1.0,0.0,84.3875,medium
R07-M5,R07,mutant,drop_one_obligation,drop_one_obligation,"['R07-O2', 'R07-O3', 'R07-O4', 'R07-O5']",['R07-O1'],['high risk record'],0.8,0,2000,1951,49,0.9755,49,0,0,"{'user': {'role': 'PI', 'clearance': 3, 'training_completed': True, 'approval_active': False, 'approval_expired': False, 'supervised_by_pi': False}, 'record': {'risk_level': 2, 'anonymized': False, 'sensitive': False}, 'context': {'emergency': False, 'logged': True}}",0.00764060000074096,8.230000094044954e-05,2535,0,0.0,,"{'clearance_monotonicity': {'checked': 834, 'violations': 0}, 'risk_monotonicity': {'checked': 842, 'violations': 0}, 'expiration_safety': {'checked': 472, 'violations': 0}, 'external_anonymization_relaxation': {'checked': 136, 'violations': 0}, 'emergency_logging_safety': {'checked': 251, 'violations': 0}}",True,"{'user': {'role': 'PI', 'clearance': 0, 'training_completed': True, 'approval_active': False, 'approval_expired': False, 'supervised_by_pi': False}, 'record': {'risk_level': 0, 'anonymized': False, 'sensitive': False}, 'context': {'emergency': False, 'logged': True}}",0.002076200005831197,1.0,1.0,0.0,84.3875,medium
R05-M6,R05,mutant,drop_logging_or_expiration_if_present,drop_logging_or_expiration_if_present,"['R05-O1', 'R05-O2', 'R05-O3', 'R05-O4']",['R05-O5'],['access logged'],0.8,0,2000,1966,34,0.983,34,0,0,"{'user': {'role': 'external', 'clearance': 5, 'training_completed': True, 'approval_active': True, 'approval_expired': True, 'supervised_by_pi': True}, 'record': {'risk_level': 2, 'anonymized': True, 'sensitive': False}, 'context': {'emergency': False, 'logged': False}}",0.007425800009514205,0.00010560000373516232,2497,0,0.0,,"{'clearance_monotonicity': {'checked': 824, 'violations': 0}, 'risk_monotonicity': {'checked': 814, 'violations': 0}, 'expiration_safety': {'checked': 481, 'violations': 0}, 'external_anonymization_relaxation': {'checked': 129, 'violations': 0}, 'emergency_logging_safety': {'checked': 249, 'violations': 0}}",True,"{'user': {'role': 'external', 'clearance': 0, 'training_completed': False, 'approval_active': False, 'approval_expired': False, 'supervised_by_pi': False}, 'record': {'risk_level': 0, 'anonymized': True, 'sensitive': False}, 'context': {'emergency': False, 'logged': False}}",0.002075299998978153,1.0,1.0,0.0,84.575,medium
R07-M4,R07,mutant,negate_boolean_condition,negate_boolean_condition,"['R07-O1', 'R07-O2', 'R07-O3', 'R07-O5']",['R07-O4'],['training completed'],0.8,0,2000,1982,18,0.991,7,11,0,"{'user': {'role': 'PI', 'clearance': 5, 'training_completed': True, 'approval_active': False, 'approval_expired': False, 'supervised_by_pi': False}, 'record': {'risk_level': 5, 'anonymized': False, 'sensitive': True}, 'context': {'emergency': False, 'logged': True}}",0.007423000002745539,0.0003944000054616481,2535,4,0.0015779092702169625,"{'relation': 'risk_monotonicity', 'base_input': {'user': {'role': 'PI', 'clearance': 5, 'training_completed': False, 'approval_active': False, 'approval_expired': False, 'supervised_by_pi': True}, 'record': {'risk_level': 3, 'anonymized': False, 'sensitive': True}, 'context': {'emergency': False, 'logged': True}}, 'follow_up_input': {'user': {'role': 'PI', 'clearance': 5, 'training_completed': False, 'approval_active': False, 'approval_expired': False, 'supervised_by_pi': True}, 'record': {'risk_level': 4, 'anonymized': False, 'sensitive': True}, 'context': {'emergency': False, 'logged': True}}, 'base_output': False, 'follow_up_output': True}","{'clearance_monotonicity': {'checked': 834, 'violations': 0}, 'risk_monotonicity': {'checked': 842, 'violations': 4}, 'expiration_safety': {'checked': 472, 'violations': 0}, 'external_anonymization_relaxation': {'checked': 136, 'violations': 0}, 'emergency_logging_safety': {'checked': 251, 'violations': 0}}",True,"{'user': {'role': 'PI', 'clearance': 4, 'training_completed': False, 'approval_active': False, 'approval_expired': False, 'supervised_by_pi': False}, 'record': {'risk_level': 4, 'anonymized': False, 'sensitive': False}, 'context': {'emergency': False, 'logged': True}}",0.0020289999956730753,0.998422090729783,1.0,0.0,84.74344181459566,medium
R07-M6,R07,mutant,drop_logging_or_expiration_if_present,drop_logging_or_expiration_if_present,"['R07-O1', 'R07-O2', 'R07-O3', 'R07-O4']",['R07-O5'],['access logged'],0.8,0,2000,1994,6,0.997,6,0,0,"{'user': {'role': 'PI', 'clearance': 4, 'training_completed': True, 'approval_active': False, 'approval_expired': True, 'supervised_by_pi': False}, 'record': {'risk_level': 4, 'anonymized': True, 'sensitive': False}, 'context': {'emergency': True, 'logged': False}}",0.007750200005830266,0.0001441000058548525,2535,3,0.001183431952662722,"{'relation': 'risk_monotonicity', 'base_input': {'user': {'role': 'PI', 'clearance': 4, 'training_completed': True, 'approval_active': True, 'approval_expired': False, 'supervised_by_pi': True}, 'record': {'risk_level': 3, 'anonymized': True, 'sensitive': False}, 'context': {'emergency': False, 'logged': False}}, 'follow_up_input': {'user': {'role': 'PI', 'clearance': 4, 'training_completed': True, 'approval_active': True, 'approval_expired': False, 'supervised_by_pi': True}, 'record': {'risk_level': 4, 'anonymized': True, 'sensitive': False}, 'context': {'emergency': False, 'logged': False}}, 'base_output': False, 'follow_up_output': True}","{'clearance_monotonicity': {'checked': 834, 'violations': 0}, 'risk_monotonicity': {'checked': 842, 'violations': 3}, 'expiration_safety': {'checked': 472, 'violations': 0}, 'external_anonymization_relaxation': {'checked': 136, 'violations': 0}, 'emergency_logging_safety': {'checked': 251, 'violations': 0}}",True,"{'user': {'role': 'PI', 'clearance': 4, 'training_completed': True, 'approval_active': False, 'approval_expired': False, 'supervised_by_pi': False}, 'record': {'risk_level': 4, 'anonymized': False, 'sensitive': False}, 'context': {'emergency': False, 'logged': False}}",0.0022016000002622604,0.9988165680473373,1.0,0.0,84.90133136094674,medium
R07-C2,R07,candidate,wrong comparator or polarity,wrong_comparator,"['R07-O2', 'R07-O3', 'R07-O4', 'R07-O5']",['R07-O1'],['high risk record'],0.8,0,2000,1993,7,0.9965,0,7,0,"{'user': {'role': 'PI', 'clearance': 5, 'training_completed': True, 'approval_active': True, 'approval_expired': True, 'supervised_by_pi': False}, 'record': {'risk_level': 4, 'anonymized': False, 'sensitive': False}, 'context': {'emergency': True, 'logged': True}}",0.007298599986825138,0.002953399991383776,2535,1,0.0003944773175542406,"{'relation': 'risk_monotonicity', 'base_input': {'user': {'role': 'PI', 'clearance': 5, 'training_completed': True, 'approval_active': True, 'approval_expired': True, 'supervised_by_pi': False}, 'record': {'risk_level': 4, 'anonymized': False, 'sensitive': False}, 'context': {'emergency': True, 'logged': True}}, 'follow_up_input': {'user': {'role': 'PI', 'clearance': 5, 'training_completed': True, 'approval_active': True, 'approval_expired': True, 'supervised_by_pi': False}, 'record': {'risk_level': 5, 'anonymized': False, 'sensitive': False}, 'context': {'emergency': True, 'logged': True}}, 'base_output': False, 'follow_up_output': True}","{'clearance_monotonicity': {'checked': 834, 'violations': 0}, 'risk_monotonicity': {'checked': 842, 'violations': 1}, 'expiration_safety': {'checked': 472, 'violations': 0}, 'external_anonymization_relaxation': {'checked': 136, 'violations': 0}, 'emergency_logging_safety': {'checked': 251, 'violations': 0}}",True,"{'user': {'role': 'PI', 'clearance': 4, 'training_completed': True, 'approval_active': False, 'approval_expired': False, 'supervised_by_pi': False}, 'record': {'risk_level': 4, 'anonymized': False, 'sensitive': False}, 'context': {'emergency': False, 'logged': True}}",0.002031999989412725,0.9996055226824457,1.0,0.0,84.90461045364891,medium
R07-M2,R07,mutant,flip_comparator,flip_comparator,"['R07-O2', 'R07-O3', 'R07-O4', 'R07-O5']",['R07-O1'],['high risk record'],0.8,0,2000,1993,7,0.9965,0,7,0,"{'user': {'role': 'PI', 'clearance': 5, 'training_completed': True, 'approval_active': True, 'approval_expired': True, 'supervised_by_pi': False}, 'record': {'risk_level': 4, 'anonymized': False, 'sensitive': False}, 'context': {'emergency': True, 'logged': True}}",0.007333599991397932,0.00287949999619741,2535,1,0.0003944773175542406,"{'relation': 'risk_monotonicity', 'base_input': {'user': {'role': 'PI', 'clearance': 5, 'training_completed': True, 'approval_active': True, 'approval_expired': True, 'supervised_by_pi': False}, 'record': {'risk_level': 4, 'anonymized': False, 'sensitive': False}, 'context': {'emergency': True, 'logged': True}}, 'follow_up_input': {'user': {'role': 'PI', 'clearance': 5, 'training_completed': True, 'approval_active': True, 'approval_expired': True, 'supervised_by_pi': False}, 'record': {'risk_level': 5, 'anonymized': False, 'sensitive': False}, 'context': {'emergency': True, 'logged': True}}, 'base_output': False, 'follow_up_output': True}","{'clearance_monotonicity': {'checked': 834, 'violations': 0}, 'risk_monotonicity': {'checked': 842, 'violations': 1}, 'expiration_safety': {'checked': 472, 'violations': 0}, 'external_anonymization_relaxation': {'checked': 136, 'violations': 0}, 'emergency_logging_safety': {'checked': 251, 'violations': 0}}",True,"{'user': {'role': 'PI', 'clearance': 4, 'training_completed': True, 'approval_active': False, 'approval_expired': False, 'supervised_by_pi': False}, 'record': {'risk_level': 4, 'anonymized': False, 'sensitive': False}, 'context': {'emergency': False, 'logged': True}}",0.0022075000015320256,0.9996055226824457,1.0,0.0,84.90461045364891,medium
R02-M5,R02,mutant,add_extra_pi_constraint,add_extra_pi_constraint,"['R02-O1', 'R02-O2', 'R02-O3']",[],[],1.0,0,2000,1752,248,0.876,0,248,0,"{'user': {'role': 'trainee', 'clearance': 1, 'training_completed': True, 'approval_active': True, 'approval_expired': True, 'supervised_by_pi': False}, 'record': {'risk_level': 0, 'anonymized': False, 'sensitive': True}, 'context': {'emergency': False, 'logged': False}}",0.010093199991388246,2.469999890308827e-05,2550,0,0.0,,"{'clearance_monotonicity': {'checked': 828, 'violations': 0}, 'risk_monotonicity': {'checked': 836, 'violations': 0}, 'expiration_safety': {'checked': 490, 'violations': 0}, 'external_anonymization_relaxation': {'checked': 140, 'violations': 0}, 'emergency_logging_safety': {'checked': 256, 'violations': 0}}",True,"{'user': {'role': 'researcher', 'clearance': 0, 'training_completed': True, 'approval_active': True, 'approval_expired': False, 'supervised_by_pi': False}, 'record': {'risk_level': 0, 'anonymized': False, 'sensitive': False}, 'context': {'emergency': False, 'logged': False}}",0.0019708000036189333,1.0,1.0,0.0,86.9,medium
R01-C3,R01,candidate,unnecessary PI-only restriction,extra_restriction,"['R01-O1', 'R01-O2', 'R01-O3']",[],[],1.0,0,2000,1781,219,0.8905,0,219,0,"{'user': {'role': 'external', 'clearance': 4, 'training_completed': True, 'approval_active': True, 'approval_expired': True, 'supervised_by_pi': True}, 'record': {'risk_level': 1, 'anonymized': True, 'sensitive': True}, 'context': {'emergency': False, 'logged': False}}",0.009711199993034825,2.4900000425986946e-05,2538,0,0.0,,"{'clearance_monotonicity': {'checked': 833, 'violations': 0}, 'risk_monotonicity': {'checked': 825, 'violations': 0}, 'expiration_safety': {'checked': 503, 'violations': 0}, 'external_anonymization_relaxation': {'checked': 134, 'violations': 0}, 'emergency_logging_safety': {'checked': 243, 'violations': 0}}",True,"{'user': {'role': 'researcher', 'clearance': 0, 'training_completed': True, 'approval_active': True, 'approval_expired': False, 'supervised_by_pi': False}, 'record': {'risk_level': 0, 'anonymized': False, 'sensitive': False}, 'context': {'emergency': False, 'logged': False}}",0.002413800000795163,1.0,1.0,0.0,87.2625,medium
R01-M5,R01,mutant,add_extra_pi_constraint,add_extra_pi_constraint,"['R01-O1', 'R01-O2', 'R01-O3']",[],[],1.0,0,2000,1781,219,0.8905,0,219,0,"{'user': {'role': 'external', 'clearance': 4, 'training_completed': True, 'approval_active': True, 'approval_expired': True, 'supervised_by_pi': True}, 'record': {'risk_level': 1, 'anonymized': True, 'sensitive': True}, 'context': {'emergency': False, 'logged': False}}",0.010753999988082796,2.889998722821474e-05,2538,0,0.0,,"{'clearance_monotonicity': {'checked': 833, 'violations': 0}, 'risk_monotonicity': {'checked': 825, 'violations': 0}, 'expiration_safety': {'checked': 503, 'violations': 0}, 'external_anonymization_relaxation': {'checked': 134, 'violations': 0}, 'emergency_logging_safety': {'checked': 243, 'violations': 0}}",True,"{'user': {'role': 'researcher', 'clearance': 0, 'training_completed': True, 'approval_active': True, 'approval_expired': False, 'supervised_by_pi': False}, 'record': {'risk_level': 0, 'anonymized': False, 'sensitive': False}, 'context': {'emergency': False, 'logged': False}}",0.0019698999967658892,1.0,1.0,0.0,87.2625,medium
R10-M5,R10,mutant,add_extra_pi_constraint,add_extra_pi_constraint,"['R10-O1', 'R10-O2', 'R10-O3', 'R10-O4', 'R10-O5']",[],[],1.0,0,2000,1856,144,0.928,0,144,0,"{'user': {'role': 'researcher', 'clearance': 2, 'training_completed': True, 'approval_active': True, 'approval_expired': False, 'supervised_by_pi': False}, 'record': {'risk_level': 1, 'anonymized': False, 'sensitive': True}, 'context': {'emergency': True, 'logged': True}}",0.019963399987318553,0.00023879999935161322,2539,0,0.0,,"{'clearance_monotonicity': {'checked': 819, 'violations': 0}, 'risk_monotonicity': {'checked': 836, 'violations': 0}, 'expiration_safety': {'checked': 511, 'violations': 0}, 'external_anonymization_relaxation': {'checked': 120, 'violations': 0}, 'emergency_logging_safety': {'checked': 253, 'violations': 0}}",True,"{'user': {'role': 'researcher', 'clearance': 0, 'training_completed': True, 'approval_active': True, 'approval_expired': False, 'supervised_by_pi': False}, 'record': {'risk_level': 0, 'anonymized': False, 'sensitive': False}, 'context': {'emergency': False, 'logged': True}}",0.002365099993767217,1.0,1.0,0.0,88.2,medium
R06-M5,R06,mutant,add_extra_pi_constraint,add_extra_pi_constraint,"['R06-O1', 'R06-O2', 'R06-O3', 'R06-O4']",[],[],1.0,0,2000,1886,114,0.943,0,114,0,"{'user': {'role': 'trainee', 'clearance': 2, 'training_completed': True, 'approval_active': True, 'approval_expired': False, 'supervised_by_pi': True}, 'record': {'risk_level': 0, 'anonymized': False, 'sensitive': True}, 'context': {'emergency': True, 'logged': True}}",0.009952899999916553,9.719999798107892e-05,2557,0,0.0,,"{'clearance_monotonicity': {'checked': 822, 'violations': 0}, 'risk_monotonicity': {'checked': 834, 'violations': 0}, 'expiration_safety': {'checked': 511, 'violations': 0}, 'external_anonymization_relaxation': {'checked': 136, 'violations': 0}, 'emergency_logging_safety': {'checked': 254, 'violations': 0}}",True,"{'user': {'role': 'researcher', 'clearance': 0, 'training_completed': False, 'approval_active': False, 'approval_expired': False, 'supervised_by_pi': False}, 'record': {'risk_level': 0, 'anonymized': False, 'sensitive': False}, 'context': {'emergency': True, 'logged': True}}",0.0020884000114165246,1.0,1.0,0.0,88.575,medium
R04-C3,R04,candidate,unnecessary PI-only restriction,extra_restriction,"['R04-O1', 'R04-O2', 'R04-O3', 'R04-O4']",[],[],1.0,0,2000,1905,95,0.9525,0,95,0,"{'user': {'role': 'trainee', 'clearance': 1, 'training_completed': False, 'approval_active': True, 'approval_expired': False, 'supervised_by_pi': False}, 'record': {'risk_level': 0, 'anonymized': False, 'sensitive': False}, 'context': {'emergency': True, 'logged': True}}",0.009121800001594238,3.680000372696668e-05,2532,0,0.0,,"{'clearance_monotonicity': {'checked': 858, 'violations': 0}, 'risk_monotonicity': {'checked': 826, 'violations': 0}, 'expiration_safety': {'checked': 469, 'violations': 0}, 'external_anonymization_relaxation': {'checked': 154, 'violations': 0}, 'emergency_logging_safety': {'checked': 225, 'violations': 0}}",True,"{'user': {'role': 'researcher', 'clearance': 0, 'training_completed': False, 'approval_active': True, 'approval_expired': False, 'supervised_by_pi': False}, 'record': {'risk_level': 0, 'anonymized': False, 'sensitive': False}, 'context': {'emergency': False, 'logged': True}}",0.002331600000616163,1.0,1.0,0.0,88.8125,medium
R04-M5,R04,mutant,add_extra_pi_constraint,add_extra_pi_constraint,"['R04-O1', 'R04-O2', 'R04-O3', 'R04-O4']",[],[],1.0,0,2000,1905,95,0.9525,0,95,0,"{'user': {'role': 'trainee', 'clearance': 1, 'training_completed': False, 'approval_active': True, 'approval_expired': False, 'supervised_by_pi': False}, 'record': {'risk_level': 0, 'anonymized': False, 'sensitive': False}, 'context': {'emergency': True, 'logged': True}}",0.008665000001201406,3.070000093430281e-05,2532,0,0.0,,"{'clearance_monotonicity': {'checked': 858, 'violations': 0}, 'risk_monotonicity': {'checked': 826, 'violations': 0}, 'expiration_safety': {'checked': 469, 'violations': 0}, 'external_anonymization_relaxation': {'checked': 154, 'violations': 0}, 'emergency_logging_safety': {'checked': 225, 'violations': 0}}",True,"{'user': {'role': 'researcher', 'clearance': 0, 'training_completed': False, 'approval_active': True, 'approval_expired': False, 'supervised_by_pi': False}, 'record': {'risk_level': 0, 'anonymized': False, 'sensitive': False}, 'context': {'emergency': False, 'logged': True}}",0.0021637000027112663,1.0,1.0,0.0,88.8125,medium
R03-C3,R03,candidate,unnecessary PI-only restriction,extra_restriction,"['R03-O1', 'R03-O2', 'R03-O3', 'R03-O4']",[],[],1.0,0,2000,1911,89,0.9555,0,89,0,"{'user': {'role': 'external', 'clearance': 5, 'training_completed': True, 'approval_active': True, 'approval_expired': False, 'supervised_by_pi': False}, 'record': {'risk_level': 1, 'anonymized': True, 'sensitive': False}, 'context': {'emergency': True, 'logged': True}}",0.008804700002656318,9.190000128000975e-05,2553,0,0.0,,"{'clearance_monotonicity': {'checked': 829, 'violations': 0}, 'risk_monotonicity': {'checked': 816, 'violations': 0}, 'expiration_safety': {'checked': 500, 'violations': 0}, 'external_anonymization_relaxation': {'checked': 134, 'violations': 0}, 'emergency_logging_safety': {'checked': 274, 'violations': 0}}",True,"{'user': {'role': 'researcher', 'clearance': 0, 'training_completed': True, 'approval_active': True, 'approval_expired': False, 'supervised_by_pi': False}, 'record': {'risk_level': 0, 'anonymized': False, 'sensitive': False}, 'context': {'emergency': False, 'logged': True}}",0.0020130000048084185,1.0,1.0,0.0,88.8875,medium
R03-M5,R03,mutant,add_extra_pi_constraint,add_extra_pi_constraint,"['R03-O1', 'R03-O2', 'R03-O3', 'R03-O4']",[],[],1.0,0,2000,1911,89,0.9555,0,89,0,"{'user': {'role': 'external', 'clearance': 5, 'training_completed': True, 'approval_active': True, 'approval_expired': False, 'supervised_by_pi': False}, 'record': {'risk_level': 1, 'anonymized': True, 'sensitive': False}, 'context': {'emergency': True, 'logged': True}}",0.008854199986672029,8.549999620299786e-05,2553,0,0.0,,"{'clearance_monotonicity': {'checked': 829, 'violations': 0}, 'risk_monotonicity': {'checked': 816, 'violations': 0}, 'expiration_safety': {'checked': 500, 'violations': 0}, 'external_anonymization_relaxation': {'checked': 134, 'violations': 0}, 'emergency_logging_safety': {'checked': 274, 'violations': 0}}",True,"{'user': {'role': 'researcher', 'clearance': 0, 'training_completed': True, 'approval_active': True, 'approval_expired': False, 'supervised_by_pi': False}, 'record': {'risk_level': 0, 'anonymized': False, 'sensitive': False}, 'context': {'emergency': False, 'logged': True}}",0.002063000007183291,1.0,1.0,0.0,88.8875,medium
R09-M5,R09,mutant,add_extra_pi_constraint,add_extra_pi_constraint,"['R09-O1', 'R09-O2', 'R09-O3', 'R09-O4', 'R09-O5']",[],[],1.0,0,2000,1958,42,0.979,0,42,0,"{'user': {'role': 'researcher', 'clearance': 1, 'training_completed': True, 'approval_active': False, 'approval_expired': True, 'supervised_by_pi': False}, 'record': {'risk_level': 0, 'anonymized': True, 'sensitive': True}, 'context': {'emergency': False, 'logged': True}}",0.011692899992340244,5.4499992984347045e-05,2579,0,0.0,,"{'clearance_monotonicity': {'checked': 822, 'violations': 0}, 'risk_monotonicity': {'checked': 841, 'violations': 0}, 'expiration_safety': {'checked': 531, 'violations': 0}, 'external_anonymization_relaxation': {'checked': 131, 'violations': 0}, 'emergency_logging_safety': {'checked': 254, 'violations': 0}}",True,"{'user': {'role': 'researcher', 'clearance': 0, 'training_completed': True, 'approval_active': False, 'approval_expired': False, 'supervised_by_pi': False}, 'record': {'risk_level': 0, 'anonymized': False, 'sensitive': True}, 'context': {'emergency': False, 'logged': True}}",0.002219999994849786,1.0,1.0,0.0,89.475,medium
R08-C3,R08,candidate,unnecessary PI-only restriction,extra_restriction,"['R08-O1', 'R08-O2', 'R08-O3', 'R08-O4', 'R08-O5']",[],[],1.0,0,2000,1967,33,0.9835,0,33,0,"{'user': {'role': 'trainee', 'clearance': 4, 'training_completed': True, 'approval_active': True, 'approval_expired': True, 'supervised_by_pi': True}, 'record': {'risk_level': 0, 'anonymized': False, 'sensitive': True}, 'context': {'emergency': True, 'logged': False}}",0.007560500002000481,8.759999764151871e-05,2560,0,0.0,,"{'clearance_monotonicity': {'checked': 855, 'violations': 0}, 'risk_monotonicity': {'checked': 831, 'violations': 0}, 'expiration_safety': {'checked': 490, 'violations': 0}, 'external_anonymization_relaxation': {'checked': 119, 'violations': 0}, 'emergency_logging_safety': {'checked': 265, 'violations': 0}}",True,"{'user': {'role': 'trainee', 'clearance': 0, 'training_completed': True, 'approval_active': True, 'approval_expired': False, 'supervised_by_pi': True}, 'record': {'risk_level': 0, 'anonymized': False, 'sensitive': False}, 'context': {'emergency': False, 'logged': False}}",0.002785699995001778,1.0,1.0,0.0,89.5875,medium
R08-M5,R08,mutant,add_extra_pi_constraint,add_extra_pi_constraint,"['R08-O1', 'R08-O2', 'R08-O3', 'R08-O4', 'R08-O5']",[],[],1.0,0,2000,1967,33,0.9835,0,33,0,"{'user': {'role': 'trainee', 'clearance': 4, 'training_completed': True, 'approval_active': True, 'approval_expired': True, 'supervised_by_pi': True}, 'record': {'risk_level': 0, 'anonymized': False, 'sensitive': True}, 'context': {'emergency': True, 'logged': False}}",0.007707400000072084,9.449999197386205e-05,2560,0,0.0,,"{'clearance_monotonicity': {'checked': 855, 'violations': 0}, 'risk_monotonicity': {'checked': 831, 'violations': 0}, 'expiration_safety': {'checked': 490, 'violations': 0}, 'external_anonymization_relaxation': {'checked': 119, 'violations': 0}, 'emergency_logging_safety': {'checked': 265, 'violations': 0}}",True,"{'user': {'role': 'trainee', 'clearance': 0, 'training_completed': True, 'approval_active': True, 'approval_expired': False, 'supervised_by_pi': True}, 'record': {'risk_level': 0, 'anonymized': False, 'sensitive': False}, 'context': {'emergency': False, 'logged': False}}",0.002032899996265769,1.0,1.0,0.0,89.5875,medium
R05-M5,R05,mutant,add_extra_pi_constraint,add_extra_pi_constraint,"['R05-O1', 'R05-O2', 'R05-O3', 'R05-O4', 'R05-O5']",[],[],1.0,0,2000,1970,30,0.985,0,30,0,"{'user': {'role': 'external', 'clearance': 1, 'training_completed': True, 'approval_active': False, 'approval_expired': True, 'supervised_by_pi': True}, 'record': {'risk_level': 2, 'anonymized': True, 'sensitive': False}, 'context': {'emergency': False, 'logged': True}}",0.007415299987769686,0.0006861000001663342,2497,0,0.0,,"{'clearance_monotonicity': {'checked': 824, 'violations': 0}, 'risk_monotonicity': {'checked': 814, 'violations': 0}, 'expiration_safety': {'checked': 481, 'violations': 0}, 'external_anonymization_relaxation': {'checked': 129, 'violations': 0}, 'emergency_logging_safety': {'checked': 249, 'violations': 0}}",True,"{'user': {'role': 'external', 'clearance': 0, 'training_completed': False, 'approval_active': False, 'approval_expired': False, 'supervised_by_pi': False}, 'record': {'risk_level': 0, 'anonymized': True, 'sensitive': False}, 'context': {'emergency': False, 'logged': True}}",0.0020403999951668084,1.0,1.0,0.0,89.625,medium
